live_code,live_name,live_url,prod_codes
DL_001,[더보장데이] 덴프스❤️ 최다혜택 보장 LIVE,https://view.shoppinglive.naver.com/replays/1330846?fm=shoppinglive&sn=home,"DP_001,DP_002,DP_003,DP_004,DP_005,DP_006,DP_007,DP_008,DP_009,DP_010,DP_011,DP_012,DP_013,DP_014,DP_015,DP_016,DP_017,DP_018,DP_019,DP_020,DP_021,DP_022,DP_023"
DL_002,[덴프스] 단하루! 신년맞이 HAPPY NEW LIVE,https://view.shoppinglive.naver.com/replays/789424?fm=shoppinglive&sn=home,
DL_003,[덴프스]🎉강세일 중 최강혜택👍 최강세일 LIVE,https://view.shoppinglive.naver.com/replays/1464552?fm=shoppinglive&sn=home,
DL_004,[덴프스] 고객 42만 돌파! 🎉고객 감사 특가 라이브💕,https://view.shoppinglive.naver.com/replays/1651067?fm=shoppinglive&sn=home,"DP_024,DP_025,DP_002,DP_001,DP_026,DP_027,DP_028,DP_005,DP_029,DP_030,DP_031,DP_032,DP_033,DP_034,DP_035,DP_009,DP_036,DP_037,DP_038,DP_039,DP_040,DP_041,DP_042,DP_043,DP_044,DP_045,DP_046,DP_047,DP_048,DP_049,DP_050,DP_051,DP_052,DP_053,DP_054,DP_055,DP_056,DP_057,DP_058,DP_019,DP_059,DP_060,DP_061"
DL_005,[덴프스] 덴프스와 가볍게! 데일리 루틴 LIVE,https://view.shoppinglive.naver.com/replays/1117015?fm=shoppinglive&sn=home,"DP_004,DP_002,DP_031,DP_062,DP_063,DP_064,DP_006,DP_033,DP_010,DP_065,DP_052,DP_066,DP_030,DP_048"
DL_006,[블루밍데이즈] 엄마와 아이 모두의 건강메이트 덴프스,https://view.shoppinglive.naver.com/replays/979738?fm=shoppinglive&sn=home,"DP_067,DP_030,DP_068,DP_048,DP_058,DP_069,DP_070,DP_071,DP_072,DP_033,DP_073,DP_074"
DL_007,더욱 반짝이는 새해를 위해 이너뷰티라이브! ~68%,https://view.shoppinglive.naver.com/replays/370087?fm=shoppinglive&sn=home,"DP_075,DP_076,DP_077"
DL_008,🎉브랜드데이X유산균 11주년 마지막 라이브!,https://view.shoppinglive.naver.com/replays/1504267?fm=shoppinglive&sn=home,"DP_001,DP_078,DP_079,DP_029,DP_005,DP_030,DP_080,DP_024,DP_002,DP_031,DP_049,DP_081,DP_082,DP_033,DP_025,DP_008,DP_058,DP_034,DP_083,DP_084,DP_085,DP_086,DP_087,DP_016,DP_088,DP_040,DP_039,DP_042,DP_046,DP_089,DP_037,DP_090,DP_091,DP_026,DP_092,DP_004,DP_035,DP_093,DP_094"
DL_009,💗덴프스 봄 맞이 블루밍데이즈 LIVE💗,https://view.shoppinglive.naver.com/replays/1544450?fm=shoppinglive&sn=home,"DP_001,DP_002,DP_028,DP_005,DP_024,DP_031,DP_029,DP_081,DP_095,DP_034,DP_037,DP_038,DP_040,DP_079,DP_041,DP_046,DP_044,DP_042,DP_096,DP_097,DP_058,DP_098,DP_045,DP_078,DP_030"
DL_010,[덴프스] 추석 특선물 앵콜 LIVE🎁 최대 혜택 준비 완료!,https://view.shoppinglive.naver.com/replays/1742269?fm=shoppinglive&sn=home,"DP_024,DP_082,DP_025,DP_001,DP_050,DP_037,DP_079,DP_028,DP_005,DP_099,DP_029,DP_060,DP_100,DP_009,DP_061,DP_030,DP_048,DP_031,DP_035,DP_033,DP_019,DP_034,DP_101,DP_053,DP_036,DP_088,DP_055,DP_039,DP_102,DP_042,DP_103,DP_104,DP_105,DP_106,DP_045,DP_107,DP_027,DP_108,DP_096,DP_059,DP_058"
DL_011,🎉브랜드데이 ~73% 라이브 한정 특가!,https://view.shoppinglive.naver.com/replays/1401984?fm=shoppinglive&sn=home,"DP_001,DP_002,DP_003,DP_029,DP_078,DP_033,DP_005,DP_070,DP_031,DP_030,DP_109,DP_009,DP_103,DP_094,DP_110,DP_111,DP_112,DP_011,DP_012,DP_013,DP_014,DP_083,DP_015,DP_007,DP_016,DP_017,DP_018,DP_019,DP_020,DP_021,DP_022,DP_113,DP_023,DP_114,DP_008,DP_115,DP_024,DP_004"
DL_012,장바구니 페스타 LIVE🎊,https://view.shoppinglive.naver.com/replays/1616157?fm=shoppinglive&sn=home,"DP_001,DP_026,DP_005,DP_028,DP_002,DP_024,DP_095,DP_056,DP_029,DP_039,DP_037,DP_102,DP_055,DP_030,DP_116,DP_041,DP_057,DP_117,DP_044,DP_048,DP_042,DP_051,DP_049,DP_046,DP_118,DP_119,DP_059,DP_050,DP_058,DP_032,DP_097,DP_025"
DL_013,[덴프스]🍂FALLING IN DENPS LIVE🍂,https://view.shoppinglive.naver.com/replays/1075319?fm=shoppinglive&sn=home,"DP_004,DP_002,DP_052,DP_120,DP_066,DP_031,DP_018,DP_011,DP_121,DP_030,DP_094,DP_122,DP_048"
DL_014,[10주년 기념] 단 하루! 덴프스 역대급 브랜드데이!,https://view.shoppinglive.naver.com/replays/597919?fm=shoppinglive&sn=home,"DP_123,DP_124,DP_002,DP_030,DP_094,DP_122,DP_125,DP_126,DP_127,DP_034,DP_010,DP_128,DP_129,DP_130,DP_131,DP_132,DP_133,DP_078"
DL_015,상공에서 즐기는 덴프스 기내면세점!~73%,https://view.shoppinglive.naver.com/replays/304972?fm=shoppinglive&sn=home,"DP_134,DP_135,DP_136,DP_075,DP_070,DP_034,DP_010,DP_132,DP_077,DP_131,DP_137,DP_133,DP_078,DP_138,DP_139,DP_094,DP_140,DP_141"
DL_016,[덴프스]🎉강세일 중 최강혜택👍 최강세일 LIVE,https://view.shoppinglive.naver.com/replays/1651072?fm=shoppinglive&sn=home,"DP_024,DP_001,DP_002,DP_028,DP_026,DP_055,DP_005,DP_025,DP_061,DP_060,DP_030,DP_029,DP_027,DP_033,DP_031,DP_035,DP_009,DP_056,DP_051,DP_032,DP_019,DP_053,DP_054,DP_058,DP_037,DP_040,DP_039,DP_102,DP_042,DP_118,DP_045,DP_049,DP_093,DP_116,DP_097,DP_094,DP_108"
DL_017,🎉브랜드데이X유산균 11주년 마지막 라이브!,https://view.shoppinglive.naver.com/replays/1497455?fm=shoppinglive&sn=home,
DL_018,"[덴프스] 5월 선물의 기준, 덴프스 쇼핑 LIVE",https://view.shoppinglive.naver.com/replays/938825?fm=shoppinglive&sn=home,"DP_004,DP_068,DP_006,DP_025,DP_035,DP_070,DP_074,DP_120,DP_033,DP_073,DP_094,DP_030,DP_142,DP_143"
DL_019,🎉새해 첫 페이백 특집 라이브 쇼!,https://view.shoppinglive.naver.com/replays/1520365?fm=shoppinglive&sn=home,"DP_001,DP_002,DP_028,DP_031,DP_005,DP_029,DP_024,DP_025,DP_082,DP_027,DP_033,DP_081,DP_095,DP_034,DP_037,DP_038,DP_040,DP_041,DP_144,DP_035,DP_046,DP_044,DP_042,DP_096,DP_097,DP_058,DP_098,DP_045,DP_145,DP_078"
DL_020,[덴프스]🎉강세일 중 최강혜택👍 최강세일 LIVE,https://view.shoppinglive.naver.com/replays/1464553?fm=shoppinglive&sn=home,"DP_003,DP_002,DP_001,DP_005,DP_029,DP_031,DP_033,DP_070,DP_056,DP_030,DP_094,DP_087,DP_024,DP_008,DP_146,DP_147,DP_004,DP_037,DP_148,DP_025,DP_035,DP_127,DP_089,DP_042,DP_039,DP_040,DP_093,DP_046"
DL_021,[블루밍데이즈] 🎉썸머마켓  라이브 ~72%  핫딜⚡,https://view.shoppinglive.naver.com/replays/1658856?fm=shoppinglive&sn=home,"DP_024,DP_001,DP_002,DP_028,DP_055,DP_026,DP_005,DP_025,DP_030,DP_029,DP_061,DP_031,DP_057,DP_056,DP_060,DP_009,DP_095,DP_019,DP_035,DP_034,DP_117,DP_037,DP_040,DP_039,DP_149,DP_102,DP_042,DP_118,DP_094,DP_049,DP_093,DP_116,DP_108,DP_032"
DL_022,[덴프스] 설레는 설맞이 명절 선물 특집 LIVE🎊,https://view.shoppinglive.naver.com/replays/1205298?fm=shoppinglive&sn=home,"DP_004,DP_002,DP_078,DP_003,DP_035,DP_025,DP_011,DP_006,DP_051,DP_020,DP_031,DP_083,DP_033,DP_018"
DL_023,[덴프스]장 건강 챙겨야 할 때! 쿨~한 쇼핑LIVE,https://view.shoppinglive.naver.com/replays/1061018?fm=shoppinglive&sn=home,"DP_004,DP_031,DP_002,DP_030,DP_094,DP_007,DP_150,DP_065,DP_063,DP_070,DP_033,DP_122"
DL_024,🎉[덴프스] 쇼핑페스타 화려한 특가 피날레!,https://view.shoppinglive.naver.com/replays/1443792?fm=shoppinglive&sn=home,
DL_025,🎉브랜드데이 스테디셀러 총집합! ~70% 혜택🎉,https://view.shoppinglive.naver.com/replays/1351201?fm=shoppinglive&sn=home,"DP_001,DP_002,DP_003,DP_004,DP_029,DP_070,DP_078,DP_033,DP_005,DP_081,DP_030,DP_008,DP_009,DP_031,DP_109,DP_151,DP_037,DP_010,DP_011,DP_012,DP_013,DP_014,DP_083,DP_015,DP_007,DP_016,DP_017,DP_018,DP_019,DP_020,DP_021,DP_023,DP_114"
DL_026,[덴프스 ]❤️‍🔥추가증정 보장!  LIVE❤️‍🔥,https://view.shoppinglive.naver.com/replays/1285758?fm=shoppinglive&sn=home,"DP_004,DP_003,DP_002,DP_033,DP_103,DP_070,DP_030,DP_048,DP_083,DP_066,DP_073,DP_152"
DL_027,[덴프스] 나에게 탁! 맞는 덴프스 비타민 LIVE,https://view.shoppinglive.naver.com/replays/1007555?fm=shoppinglive&sn=home,"DP_068,DP_006,DP_153,DP_069,DP_048,DP_011,DP_154,DP_073"
DL_028,🌈덴프스 2월엔 혜택도 두배!,https://view.shoppinglive.naver.com/replays/1544454?fm=shoppinglive&sn=home,
DL_029,[덴프스] 🔥라운지 2만명 돌파! 혜택 UP LIVE,https://view.shoppinglive.naver.com/replays/1312694?fm=shoppinglive&sn=home,"DP_001,DP_002,DP_003,DP_103,DP_070,DP_033,DP_083,DP_006,DP_030,DP_094,DP_025,DP_035,DP_155,DP_156,DP_157,DP_069,DP_158,DP_097,DP_012,DP_010,DP_066,DP_051,DP_071,DP_159,DP_114"
DL_030,[덴프스] 저녁 보너스 라이브! 🎉슈퍼 브랜드데이 특집🎉,https://view.shoppinglive.naver.com/replays/1713190?fm=shoppinglive&sn=home,"DP_001,DP_026,DP_024,DP_028,DP_050,DP_002,DP_005,DP_030,DP_025,DP_029,DP_033,DP_056,DP_055,DP_099,DP_039,DP_048,DP_060,DP_061,DP_160,DP_042,DP_102,DP_103,DP_104,DP_118,DP_095,DP_094,DP_049,DP_082,DP_038,DP_161,DP_091,DP_106,DP_147,DP_027,DP_108,DP_032,DP_046,DP_045,DP_058"
DL_031,[덴프스] 설레는 설맞이 명절 선물 특집 LIVE🎊,https://view.shoppinglive.naver.com/replays/1205299?fm=shoppinglive&sn=home,"DP_004,DP_056,DP_078,DP_003,DP_035,DP_025,DP_011,DP_006,DP_051,DP_020,DP_031,DP_083,DP_033,DP_018"
DL_032,[덴프스] 단 하루 역대급 혜택 브랜드데이!,https://view.shoppinglive.naver.com/replays/871223?fm=shoppinglive&sn=home,"DP_004,DP_006,DP_068,DP_070,DP_073,DP_033,DP_094,DP_030,DP_120"
DL_033,[덴프스] 🎉브랜드데이 베스트셀러 라이브 특가쇼🎉,https://view.shoppinglive.naver.com/replays/1622784?fm=shoppinglive&sn=home,"DP_001,DP_024,DP_026,DP_002,DP_025,DP_028,DP_005,DP_030,DP_050,DP_029,DP_027,DP_033,DP_031,DP_035,DP_009,DP_051,DP_052,DP_032,DP_021,DP_053,DP_054,DP_037,DP_038,DP_039,DP_040,DP_041,DP_042,DP_043,DP_044,DP_045,DP_046,DP_047,DP_048,DP_049"
DL_034,[덴프스] 단하루 블랙프라이데이 쇼핑 LIVE!,https://view.shoppinglive.naver.com/replays/718961?fm=shoppinglive&sn=home,"DP_124,DP_068,DP_070,DP_120,DP_051,DP_129,DP_094,DP_030,DP_125"
DL_035,❤️‍🔥덴프스 라운지 11만 돌파! 최대 LIVE!,https://view.shoppinglive.naver.com/replays/1592750?fm=shoppinglive&sn=home,"DP_024,DP_001,DP_026,DP_002,DP_028,DP_005,DP_043,DP_030,DP_029,DP_031,DP_025,DP_027,DP_042,DP_056,DP_034,DP_032,DP_053,DP_059,DP_035,DP_162,DP_038,DP_037,DP_046,DP_102,DP_044,DP_163,DP_164,DP_058,DP_165,DP_089,DP_049,DP_095"
DL_036,[덴프스]🎉유산균 9종 라인업 완성 기념 LIVE🔥,https://view.shoppinglive.naver.com/replays/1689197?fm=shoppinglive&sn=home,"DP_026,DP_001,DP_024,DP_028,DP_050,DP_002,DP_005,DP_061,DP_060,DP_030,DP_048,DP_058,DP_025,DP_056,DP_029,DP_057,DP_033,DP_031,DP_038,DP_042,DP_166,DP_118,DP_095,DP_103,DP_167,DP_161,DP_101,DP_035,DP_168"
DL_037,10/22,https://view.shoppinglive.naver.com/lives/1734888?fm=shoppinglive&sn=home,"DP_001,DP_024,DP_028,DP_050,DP_005,DP_060,DP_037,DP_026,DP_030,DP_048,DP_025,DP_027,DP_035,DP_029,DP_042,DP_046,DP_056,DP_034,DP_045,DP_083,DP_160,DP_116,DP_169,DP_011,DP_055,DP_040,DP_039,DP_089,DP_170,DP_171"
DL_038,[블루밍데이즈] 🎉유산균이야기 11주년 특집 라이브!,https://view.shoppinglive.naver.com/replays/1464556?fm=shoppinglive&sn=home,"DP_001,DP_049,DP_002,DP_084,DP_003,DP_005,DP_031,DP_029,DP_030,DP_033,DP_087,DP_056,DP_094,DP_024,DP_008,DP_083,DP_034,DP_110,DP_172,DP_173,DP_174,DP_004,DP_037,DP_148,DP_025,DP_035,DP_127,DP_089,DP_042,DP_039,DP_040,DP_081,DP_046,DP_161,DP_106,DP_175,DP_078"
DL_039,10/22 저녁,https://view.shoppinglive.naver.com/lives/1734889?fm=shoppinglive&sn=home,"DP_001,DP_024,DP_028,DP_050,DP_005,DP_060,DP_037,DP_026,DP_030,DP_048,DP_025,DP_027,DP_035,DP_029,DP_042,DP_046,DP_056,DP_034,DP_045,DP_083,DP_160,DP_116,DP_169,DP_011,DP_055,DP_040,DP_039,DP_089,DP_170,DP_171"
DL_040,[덴프스] 트루바이타민 7주년 기념 BIG LIVE!,https://view.shoppinglive.naver.com/replays/1267454?fm=shoppinglive&sn=home,"DP_004,DP_002,DP_056,DP_155,DP_003,DP_081,DP_156,DP_010,DP_048,DP_030,DP_007"
DL_041,[덴프스 ~68%] ❤️‍🔥봄 건강관리 특가 찬스!,https://view.shoppinglive.naver.com/replays/1231335?fm=shoppinglive&sn=home,"DP_004,DP_081,DP_002,DP_087,DP_003,DP_005,DP_159,DP_157,DP_069"
DL_042,[덴프스] 추석 선물대첩 + 단독 기획전 LIVE,https://view.shoppinglive.naver.com/replays/1080753?fm=shoppinglive&sn=home,"DP_004,DP_002,DP_031,DP_052,DP_025,DP_035,DP_011,DP_006,DP_176,DP_051,DP_018,DP_083,DP_104,DP_033,DP_010,DP_177"
DL_043,🎉네이버 OPENRUN X 11주년 라이브 특가쇼🎉,https://view.shoppinglive.naver.com/replays/1478859?fm=shoppinglive&sn=home,"DP_001,DP_079,DP_024,DP_084,DP_005,DP_078,DP_085,DP_008,DP_049,DP_002,DP_029,DP_031,DP_086,DP_145,DP_082,DP_030,DP_033,DP_087,DP_016,DP_110,DP_088,DP_034,DP_058,DP_040,DP_039,DP_042,DP_046,DP_089,DP_037,DP_025,DP_080,DP_090,DP_026,DP_092"
DL_044,[덴프스] ❤️‍🔥한가위 얼리버드! 라이브 특집🔥,https://view.shoppinglive.naver.com/replays/1401988?fm=shoppinglive&sn=home,"DP_004,DP_002,DP_003,DP_070,DP_033,DP_031,DP_025,DP_009,DP_029,DP_078,DP_024,DP_005,DP_109,DP_035,DP_001,DP_030,DP_016,DP_010,DP_011,DP_012,DP_013,DP_014,DP_083,DP_015,DP_007,DP_017,DP_018,DP_019,DP_020,DP_021,DP_022,DP_113,DP_023,DP_114,DP_008,DP_115,DP_151"
DL_045,2023 덴프스 상반기 베스트 LIVE!,https://view.shoppinglive.naver.com/replays/1002948?fm=shoppinglive&sn=home,"DP_004,DP_068,DP_178,DP_069,DP_048,DP_058,DP_153,DP_016,DP_120,DP_033,DP_070,DP_074"
DL_046,5월 최대 혜택 빅세일 LIVE❤️,https://view.shoppinglive.naver.com/replays/1616154?fm=shoppinglive&sn=home,"DP_050,DP_001,DP_002,DP_026,DP_024,DP_028,DP_040,DP_029,DP_030,DP_056,DP_033,DP_025,DP_008,DP_048,DP_032,DP_005,DP_034,DP_085,DP_037,DP_104,DP_038,DP_041,DP_102,DP_086,DP_116,DP_171,DP_049,DP_179,DP_039,DP_097,DP_180,DP_079,DP_095,DP_051"
DL_047,[덴프스] 라스트 블랙프라이데이 특집 LIVE,https://view.shoppinglive.naver.com/replays/1155316?fm=shoppinglive&sn=home,"DP_001,DP_002,DP_031,DP_005,DP_003,DP_006,DP_181,DP_033,DP_070,DP_073,DP_052,DP_072,DP_071,DP_083,DP_152,DP_051,DP_030,DP_023"
DL_048,[덴프스] 🎁추석 얼리버드! 풍성한 더블혜택 LIVE,https://view.shoppinglive.naver.com/replays/1713192?fm=shoppinglive&sn=home,"DP_024,DP_001,DP_026,DP_028,DP_050,DP_002,DP_005,DP_099,DP_061,DP_060,DP_030,DP_048,DP_025,DP_029,DP_056,DP_031,DP_033,DP_019,DP_034,DP_051,DP_101,DP_053,DP_148,DP_182,DP_055,DP_183,DP_039,DP_037,DP_045,DP_044"
DL_049,⚡덴프스 최강세일! 73%  LIVE 혜택❄️,https://view.shoppinglive.naver.com/replays/1394126?fm=shoppinglive&sn=home,"DP_001,DP_003,DP_002,DP_004,DP_033,DP_070,DP_005,DP_031,DP_184,DP_030,DP_083,DP_094,DP_088,DP_109,DP_048,DP_185,DP_011,DP_012,DP_013,DP_014,DP_015,DP_007,DP_016,DP_017,DP_018,DP_019,DP_020,DP_021,DP_022,DP_113,DP_023,DP_114,DP_078,DP_008,DP_009,DP_115,DP_037,DP_056"
DL_050,"내 몸에 탁, 덴프스에 탁! 단하루 특별 LIVE!",https://view.shoppinglive.naver.com/replays/584506?fm=shoppinglive&sn=home,"DP_124,DP_002,DP_127,DP_125,DP_126,DP_034,DP_010,DP_077,DP_129,DP_130,DP_030,DP_094,DP_140,DP_131,DP_132,DP_133,DP_078"
DL_051,🔥[덴프스] 라운지 7만돌파 풍성한 혜택 라이브 쇼!,https://view.shoppinglive.naver.com/replays/1443793?fm=shoppinglive&sn=home,"DP_001,DP_002,DP_003,DP_084,DP_078,DP_024,DP_031,DP_056,DP_033,DP_029,DP_030,DP_070,DP_004,DP_048,DP_160,DP_186,DP_147,DP_037,DP_102,DP_042,DP_089,DP_103,DP_039,DP_187,DP_188,DP_040,DP_046,DP_044,DP_180,DP_097"
DL_052,덴프스 비타민 7주년! 단하루 최다혜택 LIVE💫,https://view.shoppinglive.naver.com/replays/1263925?fm=shoppinglive&sn=home,"DP_004,DP_002,DP_056,DP_156,DP_030,DP_048,DP_003,DP_070,DP_031"
DL_053,🔥풍성한 설 장날! 덴프스 브랜드데이🔥,https://view.shoppinglive.naver.com/replays/1520370?fm=shoppinglive&sn=home,"DP_001,DP_002,DP_024,DP_028,DP_025,DP_005,DP_029,DP_079,DP_004,DP_031,DP_095,DP_078,DP_056,DP_033,DP_030,DP_058,DP_034,DP_151,DP_082,DP_027,DP_037,DP_038,DP_040,DP_041,DP_035,DP_189,DP_046,DP_044,DP_042,DP_096,DP_097,DP_098,DP_045,DP_080"
DL_054,덴프스 유산균 페스타 LIVE🎊,https://view.shoppinglive.naver.com/replays/1564899?fm=shoppinglive&sn=home,"DP_162,DP_001,DP_028,DP_005,DP_002,DP_026,DP_024,DP_029,DP_031,DP_056,DP_039,DP_033,DP_032,DP_025,DP_165,DP_160,DP_048,DP_004,DP_037,DP_038,DP_102,DP_040,DP_089,DP_030,DP_104,DP_118,DP_117,DP_190,DP_051,DP_095"
DL_055,🔥풍성한 설 장날! 덴프스 브랜드데이🔥,https://view.shoppinglive.naver.com/replays/1520369?fm=shoppinglive&sn=home,"DP_001,DP_024,DP_002,DP_028,DP_005,DP_079,DP_078,DP_029,DP_004,DP_031,DP_095,DP_056,DP_033,DP_030,DP_058,DP_034,DP_025,DP_151,DP_082,DP_027,DP_037,DP_038,DP_040,DP_041,DP_035,DP_046,DP_189,DP_044,DP_042,DP_096,DP_097,DP_098,DP_045,DP_080"
DL_056,[덴프스]🍂FALLING IN DENPS LIVE🍂,https://view.shoppinglive.naver.com/replays/1075328?fm=shoppinglive&sn=home,"DP_004,DP_002,DP_052,DP_120,DP_066,DP_031,DP_018,DP_011,DP_121,DP_030,DP_094,DP_122,DP_048"
DL_057,[덴프스] 신년맞이 우리아이 건강특집 LIVE,https://view.shoppinglive.naver.com/replays/1205295?fm=shoppinglive&sn=home,"DP_004,DP_030,DP_094,DP_001,DP_048,DP_112,DP_122,DP_005,DP_003,DP_002,DP_006,DP_191,DP_011,DP_070,DP_033,DP_073,DP_192,DP_031"
DL_058,🔥단 하루! 덴프스의 블랙프라이데이 특집🔥,https://view.shoppinglive.naver.com/replays/1480379?fm=shoppinglive&sn=home,"DP_001,DP_079,DP_005,DP_029,DP_024,DP_031,DP_078,DP_084,DP_082,DP_030,DP_033,DP_086,DP_085,DP_049,DP_008,DP_002,DP_087,DP_058,DP_110,DP_193,DP_034,DP_040,DP_039,DP_042,DP_046,DP_089,DP_037,DP_025,DP_080,DP_090,DP_026,DP_092,DP_145"
DL_059,🎉브랜드데이 스테디셀러 ~70% 저녁은 페이백까지!,https://view.shoppinglive.naver.com/replays/1351203?fm=shoppinglive&sn=home,"DP_001,DP_002,DP_003,DP_004,DP_029,DP_070,DP_078,DP_033,DP_005,DP_081,DP_030,DP_008,DP_009,DP_031,DP_109,DP_151,DP_037,DP_010,DP_011,DP_012,DP_013,DP_014,DP_083,DP_015,DP_007,DP_016,DP_017,DP_018,DP_019,DP_020,DP_021,DP_023,DP_114"
DL_060,11/11 오후,https://view.shoppinglive.naver.com/lives/1746863?fm=shoppinglive&sn=home,"DP_024,DP_001,DP_026,DP_028,DP_050,DP_002,DP_005,DP_099,DP_061,DP_060,DP_030,DP_048,DP_025,DP_029,DP_056,DP_031,DP_033,DP_019,DP_034,DP_051,DP_101,DP_053,DP_148,DP_182,DP_055,DP_183,DP_039,DP_037,DP_045,DP_044"
DL_061,[덴프스] 더 특별하게 만들어줄 DENPS GIFT,https://view.shoppinglive.naver.com/replays/635774?fm=shoppinglive&sn=home,"DP_135,DP_068,DP_120,DP_064,DP_070,DP_034,DP_010,DP_129,DP_130,DP_030,DP_094,DP_125,DP_126,DP_131,DP_133,DP_078,DP_025,DP_194,DP_035,DP_195"
DL_062,트루바이타민 부스터 단 하루 런칭스페셜 LIVE,https://view.shoppinglive.naver.com/replays/758538?fm=shoppinglive&sn=home,"DP_006,DP_124,DP_068,DP_196,DP_127,DP_051,DP_034,DP_010,DP_129,DP_030,DP_125"
DL_063,[덴프스] 소식알림 20만 돌파 기념 LIVE!,https://view.shoppinglive.naver.com/replays/964455?fm=shoppinglive&sn=home,"DP_067,DP_068,DP_062,DP_197,DP_120,DP_191,DP_006,DP_070,DP_074,DP_058,DP_178"
DL_064,[덴프스] 단 하루 역대급 혜택 브랜드데이!,https://view.shoppinglive.naver.com/replays/871339?fm=shoppinglive&sn=home,"DP_004,DP_006,DP_068,DP_070,DP_073,DP_033,DP_094,DP_030,DP_120"
DL_065,❤️‍🔥저녁 보너스! 브랜드데이 스테디셀러  라이브 쇼,https://view.shoppinglive.naver.com/replays/1564902?fm=shoppinglive&sn=home,"DP_001,DP_024,DP_002,DP_026,DP_028,DP_005,DP_029,DP_030,DP_031,DP_056,DP_033,DP_025,DP_008,DP_048,DP_032,DP_034,DP_085,DP_037,DP_038,DP_040,DP_041,DP_102,DP_108,DP_086,DP_049,DP_179,DP_044,DP_042,DP_039,DP_097,DP_180,DP_162,DP_079,DP_095,DP_198"
DL_066,❤️‍🔥보너스! 덴프스 8주년 페스타 LIVE!,https://view.shoppinglive.naver.com/replays/1591486?fm=shoppinglive&sn=home,"DP_024,DP_001,DP_002,DP_026,DP_038,DP_005,DP_029,DP_031,DP_056,DP_025,DP_162,DP_030,DP_033,DP_034,DP_199,DP_200,DP_059,DP_037,DP_028,DP_102,DP_040,DP_041,DP_042,DP_046,DP_044,DP_108,DP_051,DP_118,DP_089,DP_027,DP_095,DP_201,DP_032"
DL_067,[덴프스] 내 몸에 건강이 TAK! 새해 첫 LIVE!,https://view.shoppinglive.naver.com/replays/1205293?fm=shoppinglive&sn=home,"DP_001,DP_002,DP_005,DP_003,DP_070,DP_176,DP_004,DP_011,DP_033,DP_034,DP_073,DP_104,DP_051,DP_010,DP_083,DP_030,DP_094,DP_122,DP_048,DP_069"
DL_068,[덴프스] 내 몸에 탁! 맞는 특별한 쇼핑라이브,https://view.shoppinglive.naver.com/replays/619312?fm=shoppinglive&sn=home,
DL_069,"[단 하루 최대혜택] 내 몸에 탁, 덴프스 특별LIVE",https://view.shoppinglive.naver.com/replays/619311?fm=shoppinglive&sn=home,"DP_135,DP_002,DP_202,DP_127,DP_030,DP_094,DP_126,DP_010,DP_129,DP_130,DP_131,DP_132,DP_133,DP_078"
DL_070,🎉네이버 OPENRUN X 11주년 라이브 특가쇼🎉,https://view.shoppinglive.naver.com/replays/1478860?fm=shoppinglive&sn=home,
DL_071,덴프스와 새학기 준비! 키즈&베이비 페어 LIVE,https://view.shoppinglive.naver.com/replays/876922?fm=shoppinglive&sn=home,"DP_030,DP_140,DP_122,DP_185,DP_203,DP_154,DP_129"
DL_072,🎉헬시페스타 24시간 핫딜 LIVE,https://shoppinglive.naver.com/livebridge/1734887?fm=shoppinglive&sn=home,
DL_073,[소식받기 10만돌파!] 덴프스가 선사하는 특별한 선물,https://view.shoppinglive.naver.com/replays/653592?fm=shoppinglive&sn=home,"DP_135,DP_068,DP_120,DP_064,DP_070,DP_034,DP_010,DP_129,DP_130,DP_030,DP_094,DP_126,DP_125,DP_131,DP_133,DP_078,DP_025,DP_194,DP_035,DP_195"
DL_074,[덴프스]🎉저녁 보너스! 강세일 중 최강혜택 LIVE👍,https://view.shoppinglive.naver.com/replays/1698953?fm=shoppinglive&sn=home,"DP_001,DP_026,DP_024,DP_002,DP_055,DP_028,DP_099,DP_005,DP_025,DP_030,DP_029,DP_027,DP_033,DP_031,DP_056,DP_057,DP_035,DP_053,DP_032,DP_054,DP_116,DP_096,DP_058,DP_037,DP_003,DP_061,DP_060,DP_048,DP_095,DP_204,DP_098,DP_019,DP_034,DP_004"
DL_075,유산균이야기 10주년 + 멤버십데이 역대급 LIVE!,https://view.shoppinglive.naver.com/replays/1145333?fm=shoppinglive&sn=home,
DL_076,[덴프스] 📌최고의 브랜드데이 LIVE 쇼!,https://view.shoppinglive.naver.com/replays/1267451?fm=shoppinglive&sn=home,"DP_002,DP_056,DP_004,DP_003,DP_176,DP_103,DP_070,DP_033,DP_078,DP_181,DP_156,DP_030,DP_048,DP_205,DP_206,DP_007"
DL_077,덴프스 신상 런칭기념! 행복찬스 LIVE,https://view.shoppinglive.naver.com/replays/977999?fm=shoppinglive&sn=home,"DP_004,DP_068,DP_070,DP_207,DP_064,DP_006,DP_191,DP_058,DP_178,DP_074,DP_033,DP_073"
DL_078,[덴프스] 피크닉처럼 설레는 활력충전 LIVE,https://view.shoppinglive.naver.com/replays/907835?fm=shoppinglive&sn=home,"DP_004,DP_068,DP_006,DP_208,DP_070,DP_033,DP_073,DP_072,DP_071,DP_094,DP_030,DP_209"
DL_079,[덴프스] 단 하루! 2월 더블찬스 LIVE!,https://view.shoppinglive.naver.com/replays/830086?fm=shoppinglive&sn=home,"DP_135,DP_068,DP_070,DP_006,DP_120,DP_176,DP_152,DP_073,DP_033,DP_094,DP_030,DP_185"
DL_080,🌈덴프스와 놀러가요! 피크닉 특집 LIVE,https://view.shoppinglive.naver.com/replays/1305047?fm=shoppinglive&sn=home,"DP_004,DP_003,DP_002,DP_005,DP_006,DP_033,DP_070,DP_081,DP_010,DP_011,DP_012,DP_013,DP_014,DP_083,DP_015,DP_007,DP_016,DP_017,DP_210,DP_019"
DL_081,[덴프스] 단 90분! 풍성한 페이백 LIVE💝,https://view.shoppinglive.naver.com/replays/1443788?fm=shoppinglive&sn=home,
DL_082,1시간! 실속구성 깜짝 쇼핑LIVE!,https://view.shoppinglive.naver.com/replays/1471633?fm=shoppinglive&sn=home,"DP_042,DP_059,DP_034,DP_004,DP_024,DP_088,DP_040,DP_170,DP_211,DP_019,DP_188,DP_046,DP_212,DP_089,DP_096,DP_190,DP_058"
DL_083,"[덴프스] 가을의 시작, 덴프스와 함께 더 건강하게!",https://view.shoppinglive.naver.com/replays/653589?fm=shoppinglive&sn=home,"DP_135,DP_068,DP_120,DP_064,DP_070,DP_034,DP_010,DP_129,DP_130,DP_030,DP_094,DP_126,DP_125,DP_131,DP_133,DP_078"
DL_084,"[블루밍데이즈] 기미,주근깨 솔루션 화이트필 정!💡",https://view.shoppinglive.naver.com/replays/1080752?fm=shoppinglive&sn=home,"DP_052,DP_213,DP_120,DP_066,DP_004,DP_002,DP_031,DP_070,DP_006,DP_011"
DL_085,덴프스가 제안하는 바디 챌린지 LIVE,https://view.shoppinglive.naver.com/replays/1060993?fm=shoppinglive&sn=home,"DP_157,DP_063,DP_004,DP_214,DP_031,DP_002,DP_207,DP_062,DP_209,DP_033"
DL_086,[덴프스] 설레는 Winter Festa LIVE!,https://view.shoppinglive.naver.com/replays/758542?fm=shoppinglive&sn=home,"DP_124,DP_006,DP_068,DP_196,DP_130,DP_051,DP_034,DP_010,DP_058,DP_030,DP_125"
DL_087,[덴프스] 라스트! 추석 풍성한 선물대첩 LIVE,https://view.shoppinglive.naver.com/replays/1080757?fm=shoppinglive&sn=home,"DP_025,DP_035,DP_004,DP_002,DP_031,DP_052,DP_011,DP_006,DP_176,DP_051,DP_018,DP_083,DP_104,DP_033,DP_010,DP_177"
DL_088,[덴프스] 2월엔 혜택도 2배 LIVE!,https://view.shoppinglive.naver.com/replays/868835?fm=shoppinglive&sn=home,"DP_004,DP_002,DP_042,DP_215,DP_030,DP_006,DP_070,DP_094,DP_152,DP_120,DP_073,DP_176"
DL_089,[덴프스] 🎁가정의 달 특선물 孝특집 라이브🎁,https://view.shoppinglive.naver.com/replays/1601312?fm=shoppinglive&sn=home,"DP_024,DP_025,DP_002,DP_001,DP_026,DP_027,DP_028,DP_005,DP_029,DP_030,DP_031,DP_032,DP_033,DP_034,DP_035,DP_009,DP_036,DP_037,DP_038,DP_039,DP_040,DP_041,DP_042,DP_043,DP_044,DP_045,DP_046,DP_047,DP_048,DP_049,DP_050,DP_051,DP_052,DP_021,DP_053,DP_054"
DL_090,저녁 보너스! ❤️‍🔥가정의 달 특선물❤️‍🔥 최대 라이브 혜택전🎉,https://view.shoppinglive.naver.com/replays/1592856?fm=shoppinglive&sn=home,"DP_001,DP_024,DP_026,DP_002,DP_028,DP_005,DP_029,DP_030,DP_033,DP_025,DP_027,DP_035,DP_009,DP_031,DP_034,DP_036,DP_093,DP_049,DP_037,DP_038,DP_040,DP_039,DP_041,DP_042,DP_043,DP_044,DP_045,DP_046,DP_047,DP_048"
DL_091,[블루밍데이즈][푸드위크] 추석 특선물! 스페셜 혜택 총집합 LIVE,https://view.shoppinglive.naver.com/replays/1713194?fm=shoppinglive&sn=home,"DP_024,DP_082,DP_025,DP_001,DP_050,DP_037,DP_079,DP_028,DP_005,DP_099,DP_029,DP_060,DP_100,DP_009,DP_061,DP_030,DP_048,DP_031,DP_035,DP_033,DP_019,DP_034,DP_101,DP_053,DP_036,DP_088,DP_055,DP_039,DP_102,DP_042,DP_103,DP_104,DP_105,DP_106,DP_045,DP_107,DP_027,DP_108,DP_096,DP_059"
DL_092,🎉유산균 11주년X연말결산 베스트 어워즈,https://view.shoppinglive.naver.com/replays/1504260?fm=shoppinglive&sn=home,"DP_001,DP_079,DP_024,DP_029,DP_005,DP_078,DP_002,DP_033,DP_056,DP_031,DP_081,DP_049,DP_080,DP_025,DP_082,DP_030,DP_131,DP_110,DP_084,DP_085,DP_086,DP_008,DP_087,DP_016,DP_088,DP_034,DP_058,DP_040,DP_039,DP_042,DP_046,DP_089,DP_037,DP_090,DP_091,DP_026,DP_092,DP_004,DP_035,DP_093,DP_094"
DL_093,2025년 새해맞이! 덴프스로 건강하게 시작!,https://view.shoppinglive.naver.com/replays/1504269?fm=shoppinglive&sn=home,"DP_079,DP_078,DP_001,DP_024,DP_080,DP_005,DP_029,DP_030,DP_033,DP_002,DP_056,DP_082,DP_084,DP_025,DP_031,DP_081,DP_058,DP_034,DP_216,DP_004,DP_026,DP_045,DP_037,DP_040,DP_089,DP_178,DP_203,DP_046,DP_096,DP_042,DP_049"
DL_094,[덴프스 네쇼라 1주년] 단 하루 특별한 GIFT !,https://view.shoppinglive.naver.com/replays/678590?fm=shoppinglive&sn=home,"DP_124,DP_120,DP_070,DP_064,DP_034,DP_010,DP_129,DP_030,DP_094,DP_126,DP_125,DP_131,DP_133"
DL_095,[덴프스] 단 하루! 최대 72% 브랜드데이 LIVE,https://view.shoppinglive.naver.com/replays/1231332?fm=shoppinglive&sn=home,"DP_217,DP_004,DP_002,DP_103,DP_003,DP_127,DP_006,DP_033,DP_083,DP_005,DP_039,DP_094"
DL_096,[덴프스] 브랜드데이 특집 LIVE!,https://view.shoppinglive.naver.com/replays/1032089?fm=shoppinglive&sn=home,"DP_004,DP_002,DP_070,DP_031,DP_033,DP_073,DP_006,DP_120,DP_178,DP_058,DP_069,DP_153,DP_016,DP_071,DP_072,DP_066"
DL_097,[덴프스]🎉스테디셀러 총 집합! 메가혜택 LIVE,https://view.shoppinglive.naver.com/replays/1676359?fm=shoppinglive&sn=home,"DP_024,DP_001,DP_002,DP_026,DP_050,DP_148,DP_005,DP_061,DP_029,DP_030,DP_058,DP_056,DP_053,DP_031,DP_057,DP_025,DP_019,DP_033,DP_037,DP_055,DP_028,DP_040,DP_039,DP_149,DP_102,DP_042,DP_118,DP_095,DP_094,DP_049,DP_035,DP_093,DP_116,DP_108,DP_032"
DL_098,🎉[블루밍데이즈] 💸페이백 특집 LIVE💸,https://view.shoppinglive.naver.com/replays/1616153?fm=shoppinglive&sn=home,
DL_099,[덴프스] 추석 선물대첩 + 단독 기획전 LIVE,https://view.shoppinglive.naver.com/replays/1080755?fm=shoppinglive&sn=home,"DP_004,DP_002,DP_031,DP_052,DP_025,DP_035,DP_011,DP_006,DP_176,DP_051,DP_018,DP_083,DP_104,DP_033,DP_010,DP_177"
DL_100,단 하루! 덴프스X빠른배송 1DAY LIVE !,https://view.shoppinglive.naver.com/replays/738750?fm=shoppinglive&sn=home,"DP_127,DP_124,DP_068,DP_218,DP_051,DP_129,DP_030,DP_094,DP_125"
DL_101,"[덴프스] 가을의 시작, 덴프스와 함께 더 건강하게!",https://view.shoppinglive.naver.com/replays/653590?fm=shoppinglive&sn=home,"DP_135,DP_068,DP_120,DP_064,DP_070,DP_034,DP_010,DP_129,DP_130,DP_030,DP_094,DP_126,DP_125,DP_131,DP_133,DP_078"
DL_102,[덴프스]🎉저녁 보너스! 강세일 중 최강혜택 LIVE👍,https://view.shoppinglive.naver.com/replays/1651075?fm=shoppinglive&sn=home,"DP_001,DP_002,DP_024,DP_026,DP_055,DP_005,DP_028,DP_025,DP_061,DP_060,DP_030,DP_029,DP_027,DP_033,DP_031,DP_035,DP_009,DP_056,DP_051,DP_032,DP_019,DP_053,DP_054,DP_058,DP_037,DP_040,DP_039,DP_102,DP_042,DP_118,DP_045,DP_049,DP_093,DP_116,DP_097,DP_094,DP_108"
DL_103,최고의 콜라겐을 최저가로 만나보는 시간♡,https://view.shoppinglive.naver.com/replays/103352?fm=shoppinglive&sn=home,"DP_139,DP_219"
DL_104,[덴프스] 식물성알티지오메가3 아이케어 런칭! LIVE,https://view.shoppinglive.naver.com/replays/1117025?fm=shoppinglive&sn=home,"DP_004,DP_002,DP_018,DP_031,DP_034,DP_006,DP_083,DP_033,DP_010,DP_052,DP_120,DP_030,DP_122,DP_048,DP_069"
DL_105,덴프스데이 1st 라이브 LIVE,https://view.shoppinglive.naver.com/replays/1292346?fm=shoppinglive&sn=home,"DP_004,DP_002,DP_003,DP_025,DP_035,DP_070,DP_033,DP_030,DP_094,DP_048,DP_220,DP_010,DP_011,DP_012,DP_013,DP_014,DP_083,DP_015,DP_007,DP_016,DP_017,DP_018,DP_019,DP_020,DP_021,DP_022,DP_113,DP_023,DP_114"
DL_106,[덴프스] 내 몸에 건강이 TAK! 새해 첫 LIVE!,https://view.shoppinglive.naver.com/replays/1205294?fm=shoppinglive&sn=home,"DP_001,DP_002,DP_005,DP_003,DP_070,DP_176,DP_004,DP_011,DP_033,DP_034,DP_073,DP_104,DP_051,DP_010,DP_083,DP_030,DP_094,DP_122,DP_048,DP_069"
DL_107,[블루밍데이즈]덴프스 상반기 베스트 어워즈 LIVE🌟,https://view.shoppinglive.naver.com/replays/1636001?fm=shoppinglive&sn=home,"DP_001,DP_037,DP_024,DP_026,DP_028,DP_040,DP_029,DP_030,DP_055,DP_046,DP_033,DP_034,DP_073,DP_051,DP_056,DP_049,DP_038,DP_035,DP_039,DP_093,DP_041,DP_042,DP_045,DP_043,DP_044,DP_005,DP_047,DP_031,DP_036,DP_048,DP_009,DP_204,DP_052"
DL_108,덴프스 헬시페스타 LIVE🎊,https://view.shoppinglive.naver.com/replays/1642131?fm=shoppinglive&sn=home,"DP_001,DP_024,DP_026,DP_002,DP_028,DP_005,DP_029,DP_055,DP_046,DP_035,DP_009,DP_051,DP_030,DP_052,DP_032,DP_054,DP_037,DP_116,DP_038,DP_171,DP_039,DP_040,DP_031,DP_027,DP_041,DP_043,DP_044,DP_045,DP_047,DP_048,DP_049,DP_165"
DL_109,🌈덴프스데이 앵콜! 1+1 타임세일💗,https://view.shoppinglive.naver.com/replays/1351206?fm=shoppinglive&sn=home,"DP_001,DP_002,DP_003,DP_040,DP_004,DP_078,DP_070,DP_033,DP_103,DP_056,DP_109,DP_030,DP_206,DP_177,DP_059,DP_011,DP_012,DP_013,DP_014,DP_083,DP_015,DP_007,DP_016,DP_017,DP_018,DP_019,DP_020,DP_021,DP_022,DP_113,DP_023,DP_114,DP_008,DP_009,DP_115"
DL_110,[덴프스] 설 선물대첩🎁 단 하루 특집 LIVE!,https://view.shoppinglive.naver.com/replays/789426?fm=shoppinglive&sn=home,"DP_124,DP_068,DP_070,DP_035,DP_208,DP_006,DP_073,DP_033,DP_010,DP_034,DP_058,DP_030"
DL_111,[덴프스] 유산균 1500만개 돌파 특집 LIVE!,https://view.shoppinglive.naver.com/replays/1205296?fm=shoppinglive&sn=home,"DP_087,DP_187,DP_040,DP_155,DP_024,DP_221,DP_222,DP_223,DP_224,DP_225,DP_025,DP_035"
DL_112,덴프스 초강력 특가 최강세일 LIVE🔥,https://view.shoppinglive.naver.com/replays/1544457?fm=shoppinglive&sn=home,"DP_001,DP_024,DP_002,DP_026,DP_038,DP_005,DP_029,DP_025,DP_030,DP_056,DP_031,DP_033,DP_034,DP_199,DP_200,DP_059,DP_037,DP_028,DP_102,DP_040,DP_041,DP_042,DP_046,DP_044,DP_108,DP_101,DP_051,DP_118,DP_089"
DL_113,[덴프스]🎉강세일 혜택 총 출동! 최강세일 LIVE,https://view.shoppinglive.naver.com/replays/1689200?fm=shoppinglive&sn=home,"DP_001,DP_026,DP_024,DP_002,DP_055,DP_028,DP_099,DP_005,DP_025,DP_030,DP_029,DP_027,DP_033,DP_031,DP_056,DP_057,DP_035,DP_053,DP_032,DP_054,DP_116,DP_096,DP_058,DP_037,DP_003,DP_061,DP_060,DP_048,DP_095,DP_204,DP_098,DP_019,DP_034,DP_004"
DL_114,❤️‍🔥덴프스 8주년 페스타! 최대 LIVE 쇼!,https://view.shoppinglive.naver.com/replays/1564900?fm=shoppinglive&sn=home,
DL_115,[덴프스] 피크닉처럼 설레는 활력충전 LIVE,https://view.shoppinglive.naver.com/replays/907843?fm=shoppinglive&sn=home,
DL_116,[10주년 기념] 단 하루! 덴프스 역대급 브랜드데이!,https://view.shoppinglive.naver.com/replays/597921?fm=shoppinglive&sn=home,"DP_123,DP_002,DP_124,DP_030,DP_094,DP_122,DP_125,DP_126,DP_127,DP_034,DP_010,DP_128,DP_129,DP_130,DP_131,DP_132,DP_133,DP_078"
DL_117,[덴프스] 런칭완판! 혈당케어 프로 앵콜 LIVE,https://view.shoppinglive.naver.com/replays/1051769?fm=shoppinglive&sn=home,"DP_031,DP_104,DP_024,DP_002,DP_070,DP_033,DP_083,DP_016,DP_178,DP_190"
DL_118,[덴프스 브랜드데이] 올 해 마지막 BIG LIVE!,https://view.shoppinglive.naver.com/replays/777437?fm=shoppinglive&sn=home,"DP_067,DP_006,DP_068,DP_070,DP_073,DP_033,DP_094,DP_030,DP_125,DP_010,DP_034"
DL_119,[덴프스] 유산균&우먼 베스트템 단 90분 LIVE🔥,https://view.shoppinglive.naver.com/replays/1324508?fm=shoppinglive&sn=home,"DP_004,DP_003,DP_002,DP_005,DP_071,DP_072,DP_017,DP_083,DP_070,DP_033,DP_030,DP_013,DP_014,DP_006,DP_081,DP_010,DP_011,DP_012,DP_007,DP_016,DP_210,DP_019"
DL_120,2023 덴프스 상반기 베스트 LIVE!,https://view.shoppinglive.naver.com/replays/1002955?fm=shoppinglive&sn=home,"DP_004,DP_068,DP_178,DP_069,DP_048,DP_058,DP_153,DP_016,DP_120,DP_033,DP_070,DP_074"
DL_121,[덴프스] 브랜드데이 + 유산균이야기 10주년 특집전,https://view.shoppinglive.naver.com/replays/1155291?fm=shoppinglive&sn=home,"DP_001,DP_002,DP_031,DP_005,DP_003,DP_006,DP_181,DP_033,DP_070,DP_073,DP_052,DP_072,DP_071,DP_083,DP_152,DP_051,DP_030,DP_023"
DL_122,[덴프스] 활기찬 데일리 루틴 LIVE,https://view.shoppinglive.naver.com/replays/926581?fm=shoppinglive&sn=home,"DP_064,DP_006,DP_069,DP_042,DP_226,DP_004,DP_068,DP_209"
DL_123,[소식받기 15만돌파!] 11월의 마지막 혜택 LIVE,https://view.shoppinglive.naver.com/replays/718962?fm=shoppinglive&sn=home,"DP_135,DP_068,DP_127,DP_051,DP_129,DP_094,DP_030,DP_125,DP_122,DP_128,DP_133"
DL_124,HAPPY 2022! 덴프스와 미리새해맞이~54%,https://view.shoppinglive.naver.com/replays/348774?fm=shoppinglive&sn=home,"DP_034,DP_070,DP_227,DP_228,DP_129,DP_130"
DL_125,[덴프스] 콜라겐 스킨부스터 런칭특가 LIVE!🔥,https://view.shoppinglive.naver.com/replays/1330841?fm=shoppinglive&sn=home,"DP_004,DP_029,DP_002,DP_033,DP_003,DP_005,DP_030,DP_094,DP_006,DP_070,DP_081,DP_010,DP_011,DP_012,DP_014,DP_083,DP_015,DP_073,DP_017,DP_007,DP_016,DP_078"
DL_126,[덴프스] 지금사면 젤 이득! 3+1 이득데이 LIVE,https://view.shoppinglive.naver.com/replays/1231326?fm=shoppinglive&sn=home,"DP_001,DP_018,DP_002,DP_030,DP_048,DP_011,DP_034"
DL_127,[덴프스] 한가위 건강 선물대전🎁,https://view.shoppinglive.naver.com/replays/1713193?fm=shoppinglive&sn=home,"DP_001,DP_082,DP_024,DP_025,DP_037,DP_028,DP_005,DP_050,DP_030,DP_029,DP_046,DP_056,DP_033,DP_169,DP_229,DP_083,DP_034,DP_048,DP_096,DP_019,DP_058,DP_035,DP_053,DP_011,DP_055,DP_099,DP_039,DP_102,DP_042,DP_103,DP_104,DP_105,DP_106,DP_060,DP_045,DP_107,DP_027,DP_100,DP_009,DP_108,DP_059"
DL_128,[덴프스] 30분! 실속 쇼핑라이브🤑🍀,https://view.shoppinglive.naver.com/replays/1419656?fm=shoppinglive&sn=home,
DL_129,[덴프스] 브랜드데이 + 유산균이야기 10주년 특집전,https://view.shoppinglive.naver.com/replays/1155296?fm=shoppinglive&sn=home,"DP_001,DP_002,DP_031,DP_005,DP_003,DP_006,DP_181,DP_033,DP_070,DP_073,DP_052,DP_072,DP_071,DP_083,DP_152,DP_051,DP_030,DP_023"
DL_130,[덴프스] 라스트! 추석 풍성한 선물대첩 LIVE,https://view.shoppinglive.naver.com/replays/1115620?fm=shoppinglive&sn=home,"DP_035,DP_025,DP_004,DP_002,DP_031,DP_052,DP_011,DP_006,DP_176,DP_051,DP_018,DP_083,DP_104,DP_033,DP_010,DP_177"
DL_131,⏰딱! 90분🚨추석 라스트 특가! 내일 도착보장!,https://view.shoppinglive.naver.com/replays/1430716?fm=shoppinglive&sn=home,"DP_004,DP_001,DP_002,DP_025,DP_003,DP_027,DP_024,DP_078,DP_127,DP_230,DP_033,DP_231,DP_035,DP_029,DP_046,DP_040,DP_184,DP_111,DP_232,DP_011,DP_037,DP_148,DP_008,DP_009,DP_089,DP_042,DP_039,DP_108,DP_096,DP_181,DP_233,DP_112"
DL_132,[덴프스] 유산균이야기 10주년 기념 LIVE,https://view.shoppinglive.naver.com/replays/1155276?fm=shoppinglive&sn=home,"DP_001,DP_002,DP_031,DP_005,DP_003,DP_006,DP_181,DP_033,DP_070,DP_073,DP_052,DP_072,DP_071,DP_083,DP_152,DP_051,DP_030,DP_023"
DL_133,[소식받기 15만돌파!] 11월의 마지막 혜택 LIVE,https://view.shoppinglive.naver.com/replays/718964?fm=shoppinglive&sn=home,
DL_134,덴프스 활기찬 연말을 부탁해! 연말필수템 ~56%,https://view.shoppinglive.naver.com/replays/355715?fm=shoppinglive&sn=home,"DP_227,DP_228,DP_130,DP_129"
DL_135,5월 빅세일 저녁 보너스 LIVE 🎊,https://view.shoppinglive.naver.com/replays/1616156?fm=shoppinglive&sn=home,"DP_001,DP_026,DP_005,DP_028,DP_002,DP_024,DP_095,DP_056,DP_029,DP_103,DP_039,DP_118,DP_097,DP_086,DP_085,DP_037,DP_102,DP_030,DP_025,DP_041,DP_044,DP_119,DP_059,DP_178,DP_048,DP_050,DP_051,DP_047,DP_165,DP_033,DP_032,DP_116,DP_171"
DL_136,[블루밍데이즈] 덴프스 속부터 빛나는 아름다움 이너씰!,https://view.shoppinglive.naver.com/replays/1021480?fm=shoppinglive&sn=home,"DP_218,DP_234,DP_004,DP_235,DP_031,DP_120,DP_066,DP_064,DP_062,DP_072,DP_071"
DL_137,덴프스데이 1st 라이브 LIVE,https://view.shoppinglive.naver.com/replays/1293125?fm=shoppinglive&sn=home,"DP_004,DP_002,DP_003,DP_025,DP_035,DP_070,DP_033,DP_030,DP_094,DP_048,DP_220"
DL_138,[덴프스] 유산균 1500만개 돌파 특집 LIVE!,https://view.shoppinglive.naver.com/replays/1205297?fm=shoppinglive&sn=home,"DP_087,DP_187,DP_040,DP_155,DP_024,DP_221,DP_222,DP_223,DP_224,DP_225,DP_025,DP_035"
DL_139,단하루 ~75% 상반기 덴프스 어워즈 LIVE!,https://view.shoppinglive.naver.com/replays/562745?fm=shoppinglive&sn=home,"DP_124,DP_002,DP_127,DP_034,DP_010,DP_077,DP_129,DP_130,DP_030,DP_094,DP_140,DP_131,DP_132,DP_133,DP_078"
DL_140,[덴프스]🔥강세일 앵콜혜택! 최강세일 LIVE,https://view.shoppinglive.naver.com/replays/1698954?fm=shoppinglive&sn=home,"DP_024,DP_001,DP_026,DP_028,DP_050,DP_037,DP_005,DP_061,DP_060,DP_030,DP_048,DP_101,DP_025,DP_035,DP_053,DP_056,DP_029,DP_032,DP_033,DP_031,DP_055,DP_003,DP_099,DP_058,DP_095,DP_204,DP_098,DP_019,DP_034,DP_161,DP_168,DP_004,DP_049"
DL_141,🎉브랜드데이  페스티벌 저녁 추가 페이백까지🎉,https://view.shoppinglive.naver.com/replays/1443790?fm=shoppinglive&sn=home,"DP_024,DP_002,DP_001,DP_003,DP_031,DP_005,DP_029,DP_084,DP_033,DP_070,DP_030,DP_081,DP_160,DP_056,DP_094,DP_083,DP_231,DP_027,DP_037,DP_042,DP_102,DP_046,DP_044,DP_089,DP_180,DP_039,DP_097,DP_203,DP_087,DP_187,DP_188,DP_040,DP_096,DP_210,DP_152,DP_111"
DL_142,[덴프스] 🔥활력이 필요한 지금! 비타민특집 LIVE,https://view.shoppinglive.naver.com/replays/1070052?fm=shoppinglive&sn=home,"DP_004,DP_002,DP_156,DP_048,DP_007,DP_073,DP_011,DP_031,DP_070,DP_033,DP_030,DP_094"
DL_143,[덴프스] 최대 72% 역대급 브랜드데이 LIVE,https://view.shoppinglive.naver.com/replays/1293127?fm=shoppinglive&sn=home,"DP_217,DP_004,DP_002,DP_103,DP_003,DP_006,DP_070,DP_033,DP_083,DP_005,DP_030,DP_094"
DL_144,단 하루! 촉촉하게 준비하는 덴프스 이너뷰티 LIVE,https://view.shoppinglive.naver.com/replays/865309?fm=shoppinglive&sn=home,"DP_218,DP_236,DP_237,DP_006,DP_120,DP_064,DP_077,DP_074,DP_238,DP_239,DP_240"
DL_145,[덴프스] 장 건강 필요한 요즘! 덴마크 유산균이야기,https://view.shoppinglive.naver.com/replays/979735?fm=shoppinglive&sn=home,"DP_067,DP_068,DP_071,DP_072,DP_192,DP_120,DP_033,DP_073,DP_070,DP_074,DP_058,DP_178"
DL_146,[덴프스] 단하루! 신년맞이 HAPPY NEW LIVE,https://view.shoppinglive.naver.com/replays/789423?fm=shoppinglive&sn=home,"DP_124,DP_006,DP_070,DP_002,DP_073,DP_033,DP_034,DP_010,DP_094,DP_030"
DL_147,트루프리바이오틱스 6+6박스! 사은품 추가 증정까지♥,https://view.shoppinglive.naver.com/replays/163579?fm=shoppinglive&sn=home,"DP_219,DP_134,DP_170,DP_241,DP_242"
DL_148,[덴프스] 2월엔 혜택도 2배 LIVE!,https://view.shoppinglive.naver.com/replays/836139?fm=shoppinglive&sn=home,
DL_149,🎉8/21 🎉브랜드데이 ~73% 저녁 추가 페이백!,https://view.shoppinglive.naver.com/replays/1401987?fm=shoppinglive&sn=home,"DP_001,DP_002,DP_003,DP_078,DP_005,DP_029,DP_033,DP_070,DP_031,DP_030,DP_109,DP_009,DP_103,DP_094,DP_110,DP_111,DP_112,DP_011,DP_012,DP_013,DP_014,DP_083,DP_015,DP_007,DP_016,DP_017,DP_018,DP_019,DP_020,DP_021,DP_022,DP_113,DP_023,DP_114,DP_008,DP_115,DP_024,DP_004"
DL_150,[덴프스] 🔥활력이 필요한 지금! 비타민특집 LIVE,https://view.shoppinglive.naver.com/replays/1070051?fm=shoppinglive&sn=home,"DP_004,DP_002,DP_156,DP_048,DP_007,DP_073,DP_011,DP_031,DP_070,DP_033,DP_030,DP_094"
DL_151,🎉덴프스 메가세일 X 메가혜택 라이브 쇼!,https://view.shoppinglive.naver.com/replays/1500759?fm=shoppinglive&sn=home,"DP_001,DP_078,DP_084,DP_079,DP_024,DP_005,DP_031,DP_029,DP_002,DP_080,DP_033,DP_086,DP_030,DP_085,DP_008,DP_058,DP_049,DP_087,DP_034,DP_145,DP_040,DP_039,DP_042,DP_046,DP_089,DP_037,DP_025,DP_090,DP_091,DP_026,DP_092"
DL_152,[덴프스] 🌈라운지 13만 돌파 기념 라이브🎁,https://view.shoppinglive.naver.com/replays/1651071?fm=shoppinglive&sn=home,"DP_001,DP_024,DP_002,DP_026,DP_055,DP_028,DP_005,DP_030,DP_061,DP_060,DP_029,DP_031,DP_025,DP_027,DP_042,DP_056,DP_034,DP_019,DP_032,DP_035,DP_170,DP_243,DP_037,DP_040,DP_039,DP_102,DP_118,DP_045,DP_049,DP_093,DP_116,DP_097,DP_094,DP_108,DP_149,DP_244,DP_245,DP_229,DP_106,DP_080,DP_246,DP_095"
DL_153,[덴프스] 라스트 블랙프라이데이 특집 LIVE,https://view.shoppinglive.naver.com/replays/1155307?fm=shoppinglive&sn=home,"DP_001,DP_002,DP_031,DP_005,DP_003,DP_006,DP_181,DP_033,DP_070,DP_073,DP_052,DP_072,DP_071,DP_083,DP_152,DP_051,DP_030,DP_023"
DL_154,[덴프스] 📌최고의 브랜드데이 LIVE 쇼!,https://view.shoppinglive.naver.com/replays/1267453?fm=shoppinglive&sn=home,"DP_002,DP_056,DP_004,DP_003,DP_176,DP_103,DP_070,DP_033,DP_078,DP_181,DP_156,DP_030,DP_048,DP_205,DP_206,DP_007"
DL_155,[덴프스] 🎉~68% 브랜드데이 LIVE🎉,https://view.shoppinglive.naver.com/replays/1208232?fm=shoppinglive&sn=home,"DP_004,DP_003,DP_005,DP_002,DP_030,DP_094,DP_031,DP_070,DP_010,DP_064,DP_113,DP_021"
DL_156,최대 70% 단하루 헬시&다이어트 라이브!,https://view.shoppinglive.naver.com/replays/484966?fm=shoppinglive&sn=home,"DP_247,DP_236,DP_248,DP_064,DP_249,DP_250,DP_251,DP_252,DP_253"
DL_157,덴프스 콜라겐샷 이너뷰티라이브! ~68%,https://view.shoppinglive.naver.com/replays/344433?fm=shoppinglive&sn=home,"DP_077,DP_076,DP_254,DP_249"
DL_158,[덴프스] 덴프스와 가볍게! 데일리 루틴 LIVE,https://view.shoppinglive.naver.com/replays/1117004?fm=shoppinglive&sn=home,"DP_004,DP_002,DP_031,DP_062,DP_063,DP_064,DP_006,DP_033,DP_010,DP_065,DP_052,DP_066,DP_030,DP_048"
DL_159,🌈 [덴프스] 100% N페이 페이백 + 단 1시간!,https://view.shoppinglive.naver.com/replays/1330848?fm=shoppinglive&sn=home,"DP_004,DP_089,DP_002,DP_003,DP_001,DP_044,DP_005,DP_181,DP_206,DP_033,DP_065,DP_010,DP_011,DP_012,DP_008,DP_009,DP_013,DP_014,DP_083,DP_015,DP_007,DP_016,DP_017,DP_018,DP_019,DP_020,DP_021,DP_022,DP_113,DP_023,DP_114"
DL_160,[덴프스] 장 건강 필요한 요즘! 덴마크 유산균이야기,https://view.shoppinglive.naver.com/replays/979737?fm=shoppinglive&sn=home,"DP_067,DP_068,DP_071,DP_072,DP_192,DP_120,DP_033,DP_073,DP_070,DP_074,DP_058,DP_178"
DL_161,[덴프스] 트루바이타민 런칭 6주년 기념 특집LIVE!,https://view.shoppinglive.naver.com/replays/889864?fm=shoppinglive&sn=home,
DL_162,[덴프스] 식물성알티지오메가3 아이케어 런칭! LIVE,https://view.shoppinglive.naver.com/replays/1117028?fm=shoppinglive&sn=home,"DP_004,DP_002,DP_018,DP_031,DP_034,DP_006,DP_083,DP_033,DP_010,DP_052,DP_120,DP_030,DP_122,DP_048,DP_069"
DL_163,[덴프스] 단 하루! 2월 더블찬스 LIVE!,https://view.shoppinglive.naver.com/replays/830087?fm=shoppinglive&sn=home,"DP_135,DP_068,DP_070,DP_006,DP_120,DP_176,DP_152,DP_073,DP_033,DP_094,DP_030,DP_185"
DL_164,어린콜라겐 이너씰 4+4 단독 특가 라이브,https://view.shoppinglive.naver.com/replays/139067?fm=shoppinglive&sn=home,"DP_139,DP_219"
DL_165,"[덴프스] 가정의 달 선물의 기준, DENPS LIVE",https://view.shoppinglive.naver.com/replays/934000?fm=shoppinglive&sn=home,"DP_004,DP_068,DP_006,DP_025,DP_035,DP_070,DP_074,DP_120,DP_033,DP_073,DP_094,DP_030,DP_142,DP_143"
DL_166,단 하루! 덴프스 키즈&베이비페어 ~53%,https://view.shoppinglive.naver.com/replays/452894?fm=shoppinglive&sn=home,"DP_030,DP_094,DP_140,DP_122,DP_251,DP_252"
DL_167,[소식받기 10만돌파!] 덴프스가 선사하는 특별한 선물,https://view.shoppinglive.naver.com/replays/653591?fm=shoppinglive&sn=home,"DP_135,DP_068,DP_120,DP_064,DP_070,DP_034,DP_010,DP_129,DP_130,DP_030,DP_094,DP_126,DP_125,DP_131,DP_133,DP_078,DP_025,DP_194,DP_035,DP_195"
DL_168,[덴프스] 🎉~68% 브랜드데이 LIVE🎉,https://view.shoppinglive.naver.com/replays/1208228?fm=shoppinglive&sn=home,
DL_169,💫덴프스 3월 설레이는 빅세일 LIVE,https://view.shoppinglive.naver.com/replays/1564898?fm=shoppinglive&sn=home,"DP_001,DP_026,DP_005,DP_028,DP_002,DP_024,DP_095,DP_056,DP_029,DP_103,DP_039,DP_118,DP_097,DP_086,DP_085,DP_037,DP_102,DP_030,DP_042,DP_025,DP_041,DP_044,DP_119,DP_059,DP_255,DP_178,DP_048"
DL_170,[덴프스] 덴프스 홀리데이 특집 LIVE,https://view.shoppinglive.naver.com/replays/1178295?fm=shoppinglive&sn=home,"DP_004,DP_002,DP_070,DP_003,DP_005,DP_094,DP_030,DP_010,DP_064,DP_006,DP_033,DP_073,DP_031,DP_083,DP_051,DP_069"
DL_171,[덴프스 네쇼라 1주년] 단 하루 특별한 GIFT !,https://view.shoppinglive.naver.com/replays/678592?fm=shoppinglive&sn=home,"DP_124,DP_070,DP_120,DP_064,DP_034,DP_010,DP_129,DP_030,DP_094,DP_126,DP_125,DP_131,DP_133"
DL_172,[더보장데이] 덴프스❤️ 90분한정 혜택 LIVE,https://view.shoppinglive.naver.com/replays/1330847?fm=shoppinglive&sn=home,"DP_001,DP_070,DP_031,DP_002,DP_004,DP_103,DP_008,DP_009,DP_003,DP_005,DP_006,DP_007,DP_010,DP_011,DP_012,DP_013,DP_014,DP_015,DP_016,DP_017,DP_018,DP_019,DP_161,DP_238,DP_200,DP_256,DP_151,DP_109"
DL_173,저녁! 덴마크 유산균이야기 11주년 특집 X 브랜드데이,https://view.shoppinglive.naver.com/replays/1496077?fm=shoppinglive&sn=home,"DP_001,DP_024,DP_002,DP_005,DP_084,DP_029,DP_078,DP_049,DP_030,DP_033,DP_056,DP_087,DP_008,DP_083,DP_110,DP_031,DP_034,DP_058,DP_004,DP_037,DP_025,DP_035,DP_127,DP_089,DP_042,DP_039,DP_040,DP_081,DP_046,DP_161,DP_106,DP_175,DP_003,DP_148"
DL_174,11/11 오전,https://view.shoppinglive.naver.com/lives/1746861?fm=shoppinglive&sn=home,"DP_024,DP_001,DP_026,DP_028,DP_050,DP_002,DP_005,DP_099,DP_061,DP_060,DP_030,DP_048,DP_025,DP_029,DP_056,DP_031,DP_033,DP_019,DP_034,DP_051,DP_101,DP_053,DP_148,DP_182,DP_055,DP_183,DP_039,DP_037,DP_045,DP_044"
DL_175,11/3,https://view.shoppinglive.naver.com/lives/1746859?fm=shoppinglive&sn=home,"DP_024,DP_001,DP_026,DP_028,DP_050,DP_002,DP_005,DP_099,DP_061,DP_060,DP_030,DP_048,DP_025,DP_029,DP_056,DP_031,DP_033,DP_019,DP_034,DP_051,DP_101,DP_053,DP_148,DP_182,DP_055,DP_183,DP_039,DP_037,DP_045,DP_044"
DL_176,💪4월 덴프스와 건강해 봄! 유산균 루틴 LIVE,https://view.shoppinglive.naver.com/replays/1288273?fm=shoppinglive&sn=home,"DP_004,DP_003,DP_155,DP_005,DP_030,DP_094"
DL_177,"내 몸에 탁, 덴프스에 탁! 단하루 특별 LIVE!",https://view.shoppinglive.naver.com/replays/584512?fm=shoppinglive&sn=home,"DP_124,DP_002,DP_127,DP_125,DP_126,DP_034,DP_010,DP_077,DP_129,DP_130,DP_030,DP_094,DP_140,DP_131,DP_132,DP_133,DP_078"
DL_178,❤️‍🔥가정의 달 특선물❤️‍🔥 최대 라이브 혜택전🎉,https://view.shoppinglive.naver.com/replays/1592855?fm=shoppinglive&sn=home,"DP_001,DP_024,DP_026,DP_002,DP_028,DP_005,DP_029,DP_030,DP_033,DP_025,DP_027,DP_035,DP_009,DP_031,DP_034,DP_036,DP_093,DP_049,DP_037,DP_038,DP_040,DP_039,DP_041,DP_042,DP_043,DP_044,DP_045,DP_046,DP_047,DP_048"
DL_179,🎉덴프스 브랜드데이 스테디셀러 라이브!🎉,https://view.shoppinglive.naver.com/replays/1564901?fm=shoppinglive&sn=home,"DP_001,DP_002,DP_024,DP_026,DP_028,DP_005,DP_029,DP_030,DP_031,DP_056,DP_033,DP_025,DP_008,DP_048,DP_032,DP_034,DP_085,DP_037,DP_038,DP_040,DP_041,DP_102,DP_108,DP_086,DP_049,DP_179,DP_044,DP_042,DP_039,DP_097,DP_180,DP_162,DP_079,DP_095,DP_198"
DL_180,💪초강력 세일로 돌아온 최강세일 LIVE,https://view.shoppinglive.naver.com/replays/1544458?fm=shoppinglive&sn=home,"DP_001,DP_002,DP_024,DP_026,DP_038,DP_005,DP_029,DP_031,DP_056,DP_025,DP_030,DP_033,DP_034,DP_199,DP_200,DP_059,DP_037,DP_028,DP_102,DP_040,DP_041,DP_042,DP_046,DP_044,DP_108,DP_101,DP_051,DP_118,DP_089"
DL_181,[덴프스] 🎉브랜드데이 베스트셀러 라이브 특가쇼🎉,https://view.shoppinglive.naver.com/replays/1592857?fm=shoppinglive&sn=home,
DL_182,덴프스 오픈위크 앵콜전 대표 브랜드 특집! 최대 ~75,https://view.shoppinglive.naver.com/replays/1598480?fm=shoppinglive&sn=home,"DP_257,DP_002,DP_026,DP_028,DP_001,DP_025,DP_009,DP_027,DP_024,DP_162,DP_200,DP_053,DP_030,DP_031,DP_056,DP_033,DP_032,DP_034,DP_058,DP_038,DP_040,DP_004,DP_037"
DL_183,[덴프스] 설 선물대첩🎁 단 하루 특집 LIVE!,https://view.shoppinglive.naver.com/replays/808311?fm=shoppinglive&sn=home,"DP_124,DP_068,DP_070,DP_035,DP_208,DP_006,DP_073,DP_033,DP_010,DP_034,DP_058,DP_030"
DL_184,[덴프스] 단 하루! 키즈&베이비 페어 LIVE,https://view.shoppinglive.naver.com/replays/823007?fm=shoppinglive&sn=home,"DP_185,DP_203,DP_030,DP_140,DP_122,DP_258"
DL_185,[덴프스] 유산균이야기 10주년 기념 LIVE,https://view.shoppinglive.naver.com/replays/1155268?fm=shoppinglive&sn=home,"DP_001,DP_002,DP_031,DP_005,DP_003,DP_006,DP_181,DP_033,DP_070,DP_073,DP_052,DP_072,DP_071,DP_083,DP_152,DP_051,DP_030,DP_023"
DL_186,[푸드위크] 추석 라스트 특가! 내일 도착보장 LIVE🚀,https://view.shoppinglive.naver.com/replays/1713196?fm=shoppinglive&sn=home,"DP_024,DP_001,DP_082,DP_037,DP_025,DP_107,DP_100,DP_028,DP_005,DP_099,DP_061,DP_060,DP_030,DP_048,DP_029,DP_204,DP_031,DP_033,DP_071,DP_083,DP_101,DP_053,DP_009,DP_035,DP_055,DP_039,DP_102,DP_042,DP_103,DP_104,DP_105,DP_106,DP_045,DP_027,DP_108,DP_096,DP_059,DP_058"
DL_187,[덴프스] 단 하루! 최대 72% 브랜드데이 LIVE,https://view.shoppinglive.naver.com/replays/1231329?fm=shoppinglive&sn=home,"DP_217,DP_004,DP_002,DP_103,DP_003,DP_127,DP_006,DP_033,DP_083,DP_005,DP_039,DP_094"
DL_188,[블루밍데이즈] 🎉덴프스 브랜드데이 ~71% 혜택🎉,https://view.shoppinglive.naver.com/replays/1443789?fm=shoppinglive&sn=home,
DL_189,[덴프스] 🎁추석장날 건강식품 특특가 LIVE🔔,https://view.shoppinglive.naver.com/replays/1409935?fm=shoppinglive&sn=home,"DP_001,DP_002,DP_003,DP_025,DP_231,DP_027,DP_035,DP_024,DP_078,DP_033,DP_031,DP_070,DP_056,DP_005,DP_004,DP_029,DP_030,DP_071,DP_074,DP_034,DP_008,DP_009,DP_181,DP_233,DP_112,DP_037,DP_259,DP_042,DP_127,DP_148,DP_089,DP_040,DP_039,DP_108,DP_046"
DL_190,[덴프스] 새해맞이 헬시 플러스 LIVE,https://view.shoppinglive.naver.com/replays/1192460?fm=shoppinglive&sn=home,"DP_004,DP_002,DP_005,DP_003,DP_011,DP_176,DP_033,DP_010,DP_064,DP_069,DP_073,DP_014,DP_066,DP_065,DP_070,DP_031,DP_018,DP_083,DP_030,DP_048,DP_112,DP_094"
DL_191,💸 6/12 덴프스 풍성한 브랜드데이 LIVE💸,https://view.shoppinglive.naver.com/replays/1330845?fm=shoppinglive&sn=home,"DP_004,DP_002,DP_003,DP_005,DP_070,DP_081,DP_260,DP_030,DP_029,DP_181,DP_008,DP_009,DP_010,DP_011,DP_012,DP_013,DP_014,DP_083,DP_015,DP_007,DP_016,DP_017,DP_018,DP_019,DP_020,DP_021,DP_022,DP_113,DP_023,DP_114"
DL_192,[덴프스] 덴프스 홀리데이 특집 LIVE,https://view.shoppinglive.naver.com/replays/1178296?fm=shoppinglive&sn=home,"DP_004,DP_002,DP_070,DP_003,DP_005,DP_094,DP_030,DP_010,DP_064,DP_006,DP_033,DP_073,DP_031,DP_083,DP_051,DP_069"
DL_193,건강저격 라이브 - 당신의 마음에 Tak💗,https://view.shoppinglive.naver.com/replays/1319112?fm=shoppinglive&sn=home,"DP_004,DP_002,DP_103,DP_003,DP_005,DP_033,DP_010,DP_034,DP_011,DP_012,DP_013,DP_014,DP_083,DP_015,DP_007,DP_016,DP_017,DP_018,DP_019,DP_020,DP_021,DP_022,DP_113,DP_023,DP_114"
DL_194,[덴프스] 트루바이타민 런칭 6주년 기념 특집LIVE!,https://view.shoppinglive.naver.com/replays/889865?fm=shoppinglive&sn=home,"DP_002,DP_056,DP_004,DP_006,DP_120,DP_070,DP_011,DP_033,DP_073,DP_019,DP_140,DP_094"
DL_195,[덴프스] 네이버 페이백데이 축제🤑🍀,https://view.shoppinglive.naver.com/replays/1376502?fm=shoppinglive&sn=home,"DP_001,DP_002,DP_003,DP_070,DP_033,DP_155,DP_005,DP_004,DP_104,DP_030,DP_056,DP_072,DP_051,DP_011,DP_012,DP_013,DP_014,DP_083,DP_015,DP_007,DP_016,DP_017,DP_018,DP_019,DP_020,DP_021,DP_022,DP_113,DP_023,DP_114,DP_008,DP_009,DP_115"
DL_196,트루바이타민 부스터 단 하루 런칭 스페셜 LIVE,https://view.shoppinglive.naver.com/replays/758541?fm=shoppinglive&sn=home,"DP_006,DP_124,DP_068,DP_196,DP_127,DP_051,DP_034,DP_010,DP_129,DP_030,DP_125"
DL_197,[덴프스] 단하루 블랙프라이데이 쇼핑 LIVE!,https://view.shoppinglive.naver.com/replays/718959?fm=shoppinglive&sn=home,"DP_124,DP_068,DP_070,DP_218,DP_051,DP_129,DP_094,DP_030,DP_125"
DL_198,[덴프스] 더 특별하게 만들어줄 DENPS GIFT,https://view.shoppinglive.naver.com/replays/635775?fm=shoppinglive&sn=home,"DP_135,DP_068,DP_120,DP_064,DP_070,DP_034,DP_010,DP_129,DP_130,DP_030,DP_094,DP_126,DP_125,DP_131,DP_133,DP_078,DP_025,DP_194,DP_035,DP_195"
DL_199,역대급 혜택으로 다시 돌아온 오픈위크 앵콜전 라이브🎊,https://view.shoppinglive.naver.com/replays/1592852?fm=shoppinglive&sn=home,"DP_001,DP_026,DP_028,DP_002,DP_005,DP_024,DP_162,DP_029,DP_057,DP_113,DP_052,DP_031,DP_056,DP_039,DP_033,DP_032,DP_027,DP_025,DP_034,DP_048,DP_163,DP_051,DP_041,DP_058,DP_095,DP_046,DP_103,DP_160"
DL_200,덴프스 실속구성! 깜짝 LIVE,https://view.shoppinglive.naver.com/replays/1471635?fm=shoppinglive&sn=home,"DP_004,DP_024,DP_088,DP_040,DP_170,DP_211,DP_019,DP_042,DP_059,DP_034,DP_188,DP_046,DP_212,DP_089,DP_096,DP_190,DP_058"
DL_201,🌟어린이날 특집 LIVE! 우리아이 유산균은 덴프스!,https://view.shoppinglive.naver.com/replays/1292348?fm=shoppinglive&sn=home,"DP_004,DP_002,DP_030,DP_094,DP_048,DP_112,DP_122,DP_007,DP_010,DP_011,DP_012,DP_013,DP_014,DP_083,DP_015,DP_016,DP_017,DP_018,DP_019,DP_020,DP_021,DP_022,DP_113,DP_023,DP_114"
DL_202,🎉덴프스 최대 72% The 보장데이🎉,https://view.shoppinglive.naver.com/replays/1231325?fm=shoppinglive&sn=home,"DP_004,DP_002,DP_025,DP_261,DP_104,DP_011,DP_003,DP_070,DP_033,DP_035,DP_005,DP_217,DP_155,DP_018,DP_006,DP_010,DP_177"
DL_203,단 하루! 촉촉하게 준비하는 덴프스 이너뷰티 LIVE,https://view.shoppinglive.naver.com/replays/718955?fm=shoppinglive&sn=home,"DP_242,DP_218,DP_237,DP_120,DP_077,DP_129,DP_051"
DL_204,[덴프스] 최대 72% 역대급 브랜드데이 LIVE,https://view.shoppinglive.naver.com/replays/1293128?fm=shoppinglive&sn=home,"DP_217,DP_004,DP_002,DP_103,DP_003,DP_006,DP_070,DP_033,DP_083,DP_005,DP_030,DP_094"
DL_205,[덴프스] 🔥라운지 2만명 돌파! 혜택 UP LIVE,https://view.shoppinglive.naver.com/replays/1292350?fm=shoppinglive&sn=home,"DP_001,DP_002,DP_003,DP_103,DP_070,DP_033,DP_083,DP_006,DP_030,DP_094,DP_025,DP_035,DP_155,DP_156,DP_157,DP_069,DP_158,DP_097,DP_012,DP_010,DP_066,DP_051,DP_071,DP_159,DP_114"
DL_206,[덴프스] 브랜드데이 특집 LIVE!,https://view.shoppinglive.naver.com/replays/1032088?fm=shoppinglive&sn=home,"DP_004,DP_002,DP_070,DP_033,DP_073,DP_006,DP_120,DP_178,DP_058,DP_074,DP_069,DP_031,DP_153,DP_016,DP_071,DP_072,DP_066"
DL_207,단하루 ~75% 상반기 덴프스 어워즈 LIVE!,https://view.shoppinglive.naver.com/replays/562748?fm=shoppinglive&sn=home,"DP_124,DP_002,DP_127,DP_125,DP_126,DP_034,DP_010,DP_077,DP_129,DP_130,DP_030,DP_094,DP_140,DP_131,DP_132,DP_133,DP_078"
DL_208,[베스트 어워즈] 7/9 7월 베스트셀러 특집,https://view.shoppinglive.naver.com/replays/1658855?fm=shoppinglive&sn=home,"DP_024,DP_001,DP_026,DP_028,DP_029,DP_002,DP_050,DP_030,DP_058,DP_056,DP_053,DP_031,DP_103,DP_057,DP_034,DP_033,DP_083,DP_025,DP_037,DP_005,DP_079,DP_102,DP_055,DP_081,DP_046,DP_095,DP_149,DP_204,DP_163,DP_035"
DL_209,덴마크 유산균이야기 11주년 특집 X 브랜드데이,https://view.shoppinglive.naver.com/replays/1464770?fm=shoppinglive&sn=home,"DP_002,DP_001,DP_078,DP_005,DP_003,DP_024,DP_030,DP_049,DP_029,DP_031,DP_084,DP_033,DP_056,DP_087,DP_008,DP_083,DP_110,DP_034,DP_058,DP_004,DP_037,DP_148,DP_025,DP_035,DP_127,DP_089,DP_042,DP_039,DP_040,DP_081,DP_046,DP_161,DP_106,DP_175"
DL_210,🎉덴프스 메가세일 X 메가혜택 라이브,https://view.shoppinglive.naver.com/replays/1494559?fm=shoppinglive&sn=home,"DP_001,DP_079,DP_084,DP_005,DP_024,DP_078,DP_085,DP_029,DP_031,DP_086,DP_082,DP_030,DP_033,DP_008,DP_002,DP_049,DP_087,DP_016,DP_110,DP_088,DP_034,DP_058,DP_193,DP_080,DP_037,DP_025,DP_040,DP_046,DP_039,DP_089,DP_042,DP_091,DP_090,DP_026,DP_092,DP_145"
DL_211,[덴프스] 덴마크 유산균이야기 우먼 출시! 단독LIVE,https://view.shoppinglive.naver.com/replays/1135252?fm=shoppinglive&sn=home,"DP_004,DP_003,DP_002,DP_031,DP_006,DP_243,DP_187,DP_030,DP_094,DP_071,DP_072,DP_083,DP_011,DP_048"
DL_212,덴프스 설 인기상품 최대 혜택🎁,https://view.shoppinglive.naver.com/replays/1520367?fm=shoppinglive&sn=home,"DP_001,DP_189,DP_079,DP_002,DP_029,DP_033,DP_025,DP_144,DP_151,DP_082,DP_027,DP_031,DP_081,DP_078,DP_024,DP_030,DP_005,DP_034,DP_216,DP_145,DP_037,DP_038,DP_040,DP_041,DP_035,DP_046,DP_044,DP_042,DP_096,DP_097,DP_058,DP_098,DP_045,DP_080,DP_056,DP_084"
DL_213,🌈덴프스데이 앵콜! 1+1 타임세일🎁,https://view.shoppinglive.naver.com/replays/1373767?fm=shoppinglive&sn=home,"DP_001,DP_002,DP_003,DP_040,DP_004,DP_078,DP_033,DP_070,DP_103,DP_056,DP_109,DP_030,DP_206,DP_177,DP_059,DP_011,DP_012,DP_013,DP_014,DP_083,DP_015,DP_007,DP_016,DP_017,DP_018,DP_019,DP_020,DP_021,DP_022,DP_113,DP_023,DP_114,DP_008,DP_009,DP_115"
DL_214,[덴프스] 고객 45만 돌파! 고객 감사 특가 LIVE,https://view.shoppinglive.naver.com/lives/1734892?fm=shoppinglive&sn=home,"DP_024,DP_001,DP_026,DP_002,DP_050,DP_028,DP_005,DP_099,DP_244,DP_060,DP_030,DP_048,DP_025,DP_029,DP_073,DP_031,DP_033,DP_034,DP_160,DP_053,DP_036,DP_035,DP_088,DP_262,DP_037,DP_055,DP_003,DP_061,DP_056,DP_095"
DL_215,🎉[덴프스 강세일] 콜라겐 런칭특가 LIVE!,https://view.shoppinglive.naver.com/replays/1330844?fm=shoppinglive&sn=home,"DP_004,DP_029,DP_002,DP_033,DP_003,DP_005,DP_030,DP_094,DP_006,DP_070,DP_081,DP_010,DP_011,DP_012,DP_013,DP_014,DP_083,DP_015,DP_073,DP_017,DP_007,DP_016,DP_078"
DL_216,"[덴프스] 5월 선물의 기준, 덴프스 쇼핑 LIVE",https://view.shoppinglive.naver.com/replays/938822?fm=shoppinglive&sn=home,"DP_004,DP_068,DP_006,DP_025,DP_035,DP_070,DP_074,DP_120,DP_033,DP_073,DP_094,DP_030,DP_142,DP_143"
DL_217,[덴프스] 2월엔 혜택도 2배 LIVE!,https://view.shoppinglive.naver.com/replays/836136?fm=shoppinglive&sn=home,"DP_004,DP_002,DP_042,DP_215,DP_006,DP_070,DP_120,DP_176,DP_073,DP_094,DP_030,DP_152"
DL_218,[덴프스] 소식알림 20만 돌파 기념 LIVE!,https://view.shoppinglive.naver.com/replays/968701?fm=shoppinglive&sn=home,"DP_067,DP_068,DP_062,DP_197,DP_120,DP_191,DP_006,DP_070,DP_074,DP_058,DP_178"
DL_219,[덴프스 브랜드데이] 올 해 마지막 BIG LIVE!,https://view.shoppinglive.naver.com/replays/777438?fm=shoppinglive&sn=home,"DP_067,DP_006,DP_068,DP_070,DP_073,DP_033,DP_094,DP_030,DP_125,DP_010,DP_034"
DL_220,[덴프스] 런칭기념 앵콜! 유산균이야기 우먼 LIVE,https://view.shoppinglive.naver.com/replays/1145309?fm=shoppinglive&sn=home,"DP_004,DP_003,DP_002,DP_031,DP_006,DP_243,DP_187,DP_030,DP_094,DP_071,DP_072,DP_083,DP_011,DP_048"
DL_221,[덴프스]  🎉42만 돌파 기념! 고객 감사 특가💕,https://view.shoppinglive.naver.com/replays/1651068?fm=shoppinglive&sn=home,"DP_024,DP_001,DP_026,DP_002,DP_055,DP_005,DP_028,DP_029,DP_025,DP_009,DP_027,DP_060,DP_061,DP_030,DP_053,DP_031,DP_056,DP_033,DP_032,DP_200,DP_034,DP_058,DP_038,DP_040,DP_004,DP_037,DP_035,DP_057,DP_257,DP_019,DP_051,DP_059,DP_102,DP_042,DP_039,DP_044,DP_046,DP_108,DP_045,DP_118,DP_097"
DL_222,🧡라운지 4만명 돌파 기념 평점 4.8 UP🙇‍♂,https://view.shoppinglive.naver.com/replays/1351204?fm=shoppinglive&sn=home,"DP_004,DP_002,DP_187,DP_078,DP_040,DP_127,DP_042,DP_001,DP_102,DP_263,DP_030,DP_046,DP_111,DP_108,DP_089,DP_155,DP_264,DP_011,DP_012,DP_013,DP_014,DP_083,DP_015,DP_007,DP_016,DP_017,DP_018,DP_019,DP_020,DP_021,DP_022,DP_113,DP_023,DP_114,DP_008,DP_009"
DL_223,단 하루 ~53%! 덴프스 키즈&베이비페어,https://view.shoppinglive.naver.com/replays/515384?fm=shoppinglive&sn=home,"DP_030,DP_094,DP_125,DP_126,DP_140,DP_122"
DL_224,🔥덴프스 추석장날!  저녁 스페셜 특가까지🙇‍♀,https://view.shoppinglive.naver.com/replays/1427188?fm=shoppinglive&sn=home,"DP_003,DP_001,DP_002,DP_025,DP_231,DP_027,DP_035,DP_024,DP_078,DP_033,DP_031,DP_070,DP_056,DP_005,DP_004,DP_029,DP_030,DP_071,DP_074,DP_034,DP_008,DP_009,DP_181,DP_233,DP_112,DP_037,DP_148,DP_127,DP_089,DP_042,DP_039,DP_040,DP_259,DP_108,DP_046"
DL_225,"[덴프스] 가정의 달 선물의 기준, DENPS LIVE",https://view.shoppinglive.naver.com/replays/933963?fm=shoppinglive&sn=home,"DP_004,DP_068,DP_006,DP_025,DP_035,DP_070,DP_074,DP_120,DP_033,DP_073,DP_094,DP_030,DP_143,DP_142"
DL_226,🎉덴프스 최대 72% The 보장데이🎉,https://view.shoppinglive.naver.com/replays/1231320?fm=shoppinglive&sn=home,"DP_004,DP_002,DP_025,DP_070,DP_104,DP_261,DP_033,DP_003,DP_035,DP_005,DP_217,DP_018,DP_006,DP_011,DP_010,DP_177"
DL_227,[블루밍데이즈] 🎉덴프스 유산균 11주년 X 연말결산,https://view.shoppinglive.naver.com/replays/1494777?fm=shoppinglive&sn=home,"DP_001,DP_079,DP_024,DP_005,DP_029,DP_078,DP_002,DP_033,DP_056,DP_031,DP_081,DP_025,DP_080,DP_049,DP_030,DP_110,DP_084,DP_085,DP_086,DP_008,DP_087,DP_016,DP_088,DP_034,DP_058,DP_004,DP_040,DP_039,DP_042,DP_046,DP_089,DP_037,DP_090,DP_091,DP_026,DP_092,DP_035,DP_093,DP_094"
DL_228,[블루밍데이즈]🔥유산균 리뷰 20만✨ 달성 기념 빅 라이브!,https://view.shoppinglive.naver.com/replays/1689198?fm=shoppinglive&sn=home,"DP_024,DP_055,DP_001,DP_026,DP_002,DP_028,DP_005,DP_030,DP_025,DP_029,DP_060,DP_095,DP_031,DP_033,DP_057,DP_056,DP_048,DP_019,DP_032,DP_034,DP_117,DP_061,DP_265,DP_038,DP_050,DP_266,DP_101,DP_161,DP_167,DP_080,DP_045,DP_042,DP_166,DP_118,DP_103"
DL_229,✨짜릿한 9월 마지막 3번째 덴프스데이 특집!,https://view.shoppinglive.naver.com/replays/1430718?fm=shoppinglive&sn=home,"DP_001,DP_002,DP_003,DP_033,DP_056,DP_031,DP_024,DP_078,DP_070,DP_040,DP_029,DP_160,DP_030,DP_103,DP_059,DP_267,DP_210,DP_004,DP_037,DP_148,DP_008,DP_184,DP_048,DP_009,DP_025,DP_035,DP_096,DP_127,DP_089,DP_042,DP_039,DP_259,DP_108,DP_181,DP_233,DP_046,DP_112"
DL_230,[덴프스] 4개월 만에 돌아온 🎉슈퍼 브랜드데이 특집🎉,https://view.shoppinglive.naver.com/replays/1713188?fm=shoppinglive&sn=home,"DP_001,DP_026,DP_024,DP_025,DP_028,DP_002,DP_050,DP_005,DP_030,DP_029,DP_033,DP_056,DP_099,DP_055,DP_039,DP_048,DP_060,DP_061,DP_160,DP_042,DP_102,DP_103,DP_104,DP_118,DP_095,DP_094,DP_049,DP_082,DP_038,DP_161,DP_091,DP_106,DP_147,DP_027,DP_108,DP_032,DP_046,DP_045,DP_058"
DL_231,[덴프스]장 건강 챙겨야 할 때! 쿨~한 쇼핑LIVE,https://view.shoppinglive.naver.com/replays/1054035?fm=shoppinglive&sn=home,"DP_004,DP_031,DP_002,DP_030,DP_094,DP_007,DP_150,DP_065,DP_063,DP_070,DP_033,DP_122"
