prod_code,prod_name,prod_url
DP_001,"덴마크 유산균이야기 60캡슐, 4개",https://product.shoppinglive.naver.com/bridge/v4/product/shopping?broadcastId=1401984&channelProductNo=2040214150&hasHeader=true&isNewWindow=false&sourceUrl=https%3A%2F%2Fsmartstore.naver.com%2Fmain%2Fproducts%2F2040214150&tr=lim&externalServiceId=shoppinglive&returnParams=%7B%7D
DP_002,"트루바이타민 I 30포, 3개",https://product.shoppinglive.naver.com/bridge/v4/product/shopping?broadcastId=1401984&channelProductNo=6639630476&hasHeader=true&isNewWindow=false&sourceUrl=https%3A%2F%2Fsmartstore.naver.com%2Fmain%2Fproducts%2F6639630476&tr=lim&externalServiceId=shoppinglive&returnParams=%7B%7D
DP_003,"덴마크 유산균이야기 우먼 60캡슐, 3개",https://product.shoppinglive.naver.com/bridge/v4/product/shopping?broadcastId=1401984&channelProductNo=9182943741&hasHeader=true&isNewWindow=false&sourceUrl=https%3A%2F%2Fsmartstore.naver.com%2Fmain%2Fproducts%2F9182943741&tr=lim&externalServiceId=shoppinglive&returnParams=%7B%7D
DP_004,"콜라겐 스킨부스터 14포, 6개",https://product.shoppinglive.naver.com/bridge/v4/product/shopping?broadcastId=1401984&channelProductNo=10208490043&hasHeader=true&isNewWindow=false&sourceUrl=https%3A%2F%2Fsmartstore.naver.com%2Fmain%2Fproducts%2F10208490043&tr=lim&externalServiceId=shoppinglive&returnParams=%7B%7D
DP_005,"덴마크 유산균이야기 60캡슐, 6개",https://product.shoppinglive.naver.com/bridge/v4/product/shopping?broadcastId=1401984&channelProductNo=5924012925&hasHeader=true&isNewWindow=false&sourceUrl=https%3A%2F%2Fsmartstore.naver.com%2Fmain%2Fproducts%2F5924012925&tr=lim&externalServiceId=shoppinglive&returnParams=%7B%7D
DP_006,"마그네슘 솔루션 30포, 3개",https://product.shoppinglive.naver.com/bridge/v4/product/shopping?broadcastId=1401984&channelProductNo=7702437800&hasHeader=true&isNewWindow=false&sourceUrl=https%3A%2F%2Fsmartstore.naver.com%2Fmain%2Fproducts%2F7702437800&tr=lim&externalServiceId=shoppinglive&returnParams=%7B%7D
DP_007,"덴마크 유산균이야기 다이어트 28캡슐, 3개",https://product.shoppinglive.naver.com/bridge/v4/product/shopping?broadcastId=1401984&channelProductNo=9435054524&hasHeader=true&isNewWindow=false&sourceUrl=https%3A%2F%2Fsmartstore.naver.com%2Fmain%2Fproducts%2F9435054524&tr=lim&externalServiceId=shoppinglive&returnParams=%7B%7D
DP_008,"식물성 알티지오메가3 60캡슐, 3개",https://product.shoppinglive.naver.com/bridge/v4/product/shopping?broadcastId=1401984&channelProductNo=5965419781&hasHeader=true&isNewWindow=false&sourceUrl=https%3A%2F%2Fsmartstore.naver.com%2Fmain%2Fproducts%2F5965419781&tr=lim&externalServiceId=shoppinglive&returnParams=%7B%7D
DP_009,덴프스 혈당케어 프로 6박스/12개월분,https://product.shoppinglive.naver.com/bridge/v4/product/shopping?broadcastId=1401984&channelProductNo=8789274221&hasHeader=true&isNewWindow=false&sourceUrl=https%3A%2F%2Fsmartstore.naver.com%2Fmain%2Fproducts%2F8789274221&tr=lim&externalServiceId=shoppinglive&returnParams=%7B%7D
DP_010,"덴마크 유산균이야기 키즈 30포, 3개",https://product.shoppinglive.naver.com/bridge/v4/product/shopping?broadcastId=1401984&channelProductNo=2760737817&hasHeader=true&isNewWindow=false&sourceUrl=https%3A%2F%2Fsmartstore.naver.com%2Fmain%2Fproducts%2F2760737817&tr=lim&externalServiceId=shoppinglive&returnParams=%7B%7D
DP_011,선착순 100개 한정 헬리녹스X덴프스 올 케어 패키지,https://product.shoppinglive.naver.com/bridge/v4/product/shopping?broadcastId=1401984&channelProductNo=10422796873&hasHeader=true&isNewWindow=false&sourceUrl=https%3A%2F%2Fsmartstore.naver.com%2Fmain%2Fproducts%2F10422796873&tr=lim&externalServiceId=shoppinglive&returnParams=%7B%7D
DP_012,선물세트 트루바이타민 오리지널 4개월/4B (스페셜 에디션) + 쇼핑백,https://product.shoppinglive.naver.com/bridge/v4/product/shopping?broadcastId=1401984&channelProductNo=10361244580&hasHeader=true&isNewWindow=false&sourceUrl=https%3A%2F%2Fsmartstore.naver.com%2Fmain%2Fproducts%2F10361244580&tr=lim&externalServiceId=shoppinglive&returnParams=%7B%7D
DP_013,덴프스 혈당케어 슬림 3개월/3BOX,https://product.shoppinglive.naver.com/bridge/v4/product/shopping?broadcastId=1401984&channelProductNo=9901495818&hasHeader=true&isNewWindow=false&sourceUrl=https%3A%2F%2Fsmartstore.naver.com%2Fmain%2Fproducts%2F9901495818&tr=lim&externalServiceId=shoppinglive&returnParams=%7B%7D
DP_014,덴프스 덴마크 유산균이야기 베베D 3박스/3개월,https://product.shoppinglive.naver.com/bridge/v4/product/shopping?broadcastId=1401984&channelProductNo=5694474557&hasHeader=true&isNewWindow=false&sourceUrl=https%3A%2F%2Fsmartstore.naver.com%2Fmain%2Fproducts%2F5694474557&tr=lim&externalServiceId=shoppinglive&returnParams=%7B%7D
DP_015,덴프스 트루바이타민X 1개월/1BOX,https://product.shoppinglive.naver.com/bridge/v4/product/shopping?broadcastId=1401984&channelProductNo=5914792655&hasHeader=true&isNewWindow=false&sourceUrl=https%3A%2F%2Fsmartstore.naver.com%2Fmain%2Fproducts%2F5914792655&tr=lim&externalServiceId=shoppinglive&returnParams=%7B%7D
DP_016,덴프스 덴마크 프로틴밀 파우치 1포X28개 + 2포 증정,https://product.shoppinglive.naver.com/bridge/v4/product/shopping?broadcastId=1401984&channelProductNo=10524931971&hasHeader=true&isNewWindow=false&sourceUrl=https%3A%2F%2Fsmartstore.naver.com%2Fmain%2Fproducts%2F10524931971&tr=lim&externalServiceId=shoppinglive&returnParams=%7B%7D
DP_017,"트루바이타민 키즈 면역젤리 14포, 4개",https://product.shoppinglive.naver.com/bridge/v4/product/shopping?broadcastId=1401984&channelProductNo=6639822828&hasHeader=true&isNewWindow=false&sourceUrl=https%3A%2F%2Fsmartstore.naver.com%2Fmain%2Fproducts%2F6639822828&tr=lim&externalServiceId=shoppinglive&returnParams=%7B%7D
DP_018,덴프스 비타민D 츄어블4000IU 6개월/3BOX,https://product.shoppinglive.naver.com/bridge/v4/product/shopping?broadcastId=1401984&channelProductNo=7792044857&hasHeader=true&isNewWindow=false&sourceUrl=https%3A%2F%2Fsmartstore.naver.com%2Fmain%2Fproducts%2F7792044857&tr=lim&externalServiceId=shoppinglive&returnParams=%7B%7D
DP_019,"덴프스 루테인 지아잔틴 MAX 30캡슐, 6개",https://product.shoppinglive.naver.com/bridge/v4/product/shopping?broadcastId=1401984&channelProductNo=5539114542&hasHeader=true&isNewWindow=false&sourceUrl=https%3A%2F%2Fsmartstore.naver.com%2Fmain%2Fproducts%2F5539114542&tr=lim&externalServiceId=shoppinglive&returnParams=%7B%7D
DP_020,덴프스 비오틴 밸런스 4BOX/ 4개월분,https://product.shoppinglive.naver.com/bridge/v4/product/shopping?broadcastId=1401984&channelProductNo=7873064456&hasHeader=true&isNewWindow=false&sourceUrl=https%3A%2F%2Fsmartstore.naver.com%2Fmain%2Fproducts%2F7873064456&tr=lim&externalServiceId=shoppinglive&returnParams=%7B%7D
DP_021,"덴프스 철분 서포트 60캡슐, 3개",https://product.shoppinglive.naver.com/bridge/v4/product/shopping?broadcastId=1401984&channelProductNo=8605788594&hasHeader=true&isNewWindow=false&sourceUrl=https%3A%2F%2Fsmartstore.naver.com%2Fmain%2Fproducts%2F8605788594&tr=lim&externalServiceId=shoppinglive&returnParams=%7B%7D
DP_022,덴프스 코큐텐 더블케어 3개월/3BOX,https://product.shoppinglive.naver.com/bridge/v4/product/shopping?broadcastId=1401984&channelProductNo=8555201758&hasHeader=true&isNewWindow=false&sourceUrl=https%3A%2F%2Fsmartstore.naver.com%2Fmain%2Fproducts%2F8555201758&tr=lim&externalServiceId=shoppinglive&returnParams=%7B%7D
DP_023,"덴프스 활성엽산 서포트 60캡슐, 2개",https://product.shoppinglive.naver.com/bridge/v4/product/shopping?broadcastId=1401984&channelProductNo=7944892945&hasHeader=true&isNewWindow=false&sourceUrl=https%3A%2F%2Fsmartstore.naver.com%2Fmain%2Fproducts%2F7944892945&tr=lim&externalServiceId=shoppinglive&returnParams=%7B%7D
DP_024,덴프스 트루바이타민 구미 3팩 + 3팩 / 총 12주분,https://product.shoppinglive.naver.com/bridge/v4/product/shopping?broadcastId=1401984&channelProductNo=8823017971&hasHeader=true&isNewWindow=false&sourceUrl=https%3A%2F%2Fsmartstore.naver.com%2Fmain%2Fproducts%2F8823017971&tr=lim&externalServiceId=shoppinglive&returnParams=%7B%7D
DP_025,"덴프스 칼마디 본케어 90캡슐, 3개",https://product.shoppinglive.naver.com/bridge/v4/product/shopping?broadcastId=1401984&channelProductNo=8631244514&hasHeader=true&isNewWindow=false&sourceUrl=https%3A%2F%2Fsmartstore.naver.com%2Fmain%2Fproducts%2F8631244514&tr=lim&externalServiceId=shoppinglive&returnParams=%7B%7D
DP_026,덴프스 크랜베리 우먼 3개월/3BOX,https://product.shoppinglive.naver.com/bridge/v4/product/shopping?broadcastId=1401984&channelProductNo=8607217540&hasHeader=true&isNewWindow=false&sourceUrl=https%3A%2F%2Fsmartstore.naver.com%2Fmain%2Fproducts%2F8607217540&tr=lim&externalServiceId=shoppinglive&returnParams=%7B%7D
DP_027,"덴프스 식물성알티지오메가3 아이케어 60캡슐, 3개",https://product.shoppinglive.naver.com/bridge/v4/product/shopping?broadcastId=1401984&channelProductNo=9057218462&hasHeader=true&isNewWindow=false&sourceUrl=https%3A%2F%2Fsmartstore.naver.com%2Fmain%2Fproducts%2F9057218462&tr=lim&externalServiceId=shoppinglive&returnParams=%7B%7D
DP_028,"비타민C 바이탈 30포, 3개",https://product.shoppinglive.naver.com/bridge/v4/product/shopping?broadcastId=1401984&channelProductNo=7926391095&hasHeader=true&isNewWindow=false&sourceUrl=https%3A%2F%2Fsmartstore.naver.com%2Fmain%2Fproducts%2F7926391095&tr=lim&externalServiceId=shoppinglive&returnParams=%7B%7D
DP_029,덴프스 아연 이뮨케어 3개월/3BOX,https://product.shoppinglive.naver.com/bridge/v4/product/shopping?broadcastId=1401984&channelProductNo=8696229441&hasHeader=true&isNewWindow=false&sourceUrl=https%3A%2F%2Fsmartstore.naver.com%2Fmain%2Fproducts%2F8696229441&tr=lim&externalServiceId=shoppinglive&returnParams=%7B%7D
DP_030,덴프스로디올라 스트레스케어 3box/3개월,https://product.shoppinglive.naver.com/bridge/v4/product/shopping?broadcastId=1401984&channelProductNo=9183044789&hasHeader=true&isNewWindow=false&sourceUrl=https%3A%2F%2Fsmartstore.naver.com%2Fmain%2Fproducts%2F9183044789&tr=lim&externalServiceId=shoppinglive&returnParams=%7B%7D
DP_031,덴프스 비타민D 츄어블 1000IU 6개월/3BOX,https://product.shoppinglive.naver.com/bridge/v4/product/shopping?broadcastId=1401984&channelProductNo=8494997882&hasHeader=true&isNewWindow=false&sourceUrl=https%3A%2F%2Fsmartstore.naver.com%2Fmain%2Fproducts%2F8494997882&tr=lim&externalServiceId=shoppinglive&returnParams=%7B%7D
DP_032,덴프스 수면이야기 아쉬아간다 3box/3개월,https://product.shoppinglive.naver.com/bridge/v4/product/shopping?broadcastId=1401984&channelProductNo=9057330102&hasHeader=true&isNewWindow=false&sourceUrl=https%3A%2F%2Fsmartstore.naver.com%2Fmain%2Fproducts%2F9057330102&tr=lim&externalServiceId=shoppinglive&returnParams=%7B%7D
DP_033,덴프스 트루바이타민 키즈 면역젤리 3box/총 6주분,https://product.shoppinglive.naver.com/bridge/v4/product/shopping?broadcastId=1401984&channelProductNo=9434898539&hasHeader=true&isNewWindow=false&sourceUrl=https%3A%2F%2Fsmartstore.naver.com%2Fmain%2Fproducts%2F9434898539&tr=lim&externalServiceId=shoppinglive&returnParams=%7B%7D
DP_034,덴프스 프로액티브 쏘팔메토 3box/총 3개월분,https://product.shoppinglive.naver.com/bridge/v4/product/shopping?broadcastId=1401984&channelProductNo=9645462534&hasHeader=true&isNewWindow=false&sourceUrl=https%3A%2F%2Fsmartstore.naver.com%2Fmain%2Fproducts%2F9645462534&tr=lim&externalServiceId=shoppinglive&returnParams=%7B%7D
DP_035,선물세트 덴프스 덴마크 유산균이야기 12개월/6박스 + 브랜드쇼핑백,https://product.shoppinglive.naver.com/bridge/v4/product/shopping?broadcastId=1401984&channelProductNo=10361246321&hasHeader=true&isNewWindow=false&sourceUrl=https%3A%2F%2Fsmartstore.naver.com%2Fmain%2Fproducts%2F10361246321&tr=lim&externalServiceId=shoppinglive&returnParams=%7B%7D
DP_036,덴프스 프리바이오틱스 이뮨 5개월/5BOX,https://product.shoppinglive.naver.com/bridge/v4/product/shopping?broadcastId=1401984&channelProductNo=10385784295&hasHeader=true&isNewWindow=false&sourceUrl=https%3A%2F%2Fsmartstore.naver.com%2Fmain%2Fproducts%2F10385784295&tr=lim&externalServiceId=shoppinglive&returnParams=%7B%7D
DP_037,"덴마크 유산균이야기 60캡슐, 5개",https://product.shoppinglive.naver.com/bridge/v4/product/shopping?broadcastId=1401984&channelProductNo=8950954958&hasHeader=true&isNewWindow=false&sourceUrl=https%3A%2F%2Fsmartstore.naver.com%2Fmain%2Fproducts%2F8950954958&tr=lim&externalServiceId=shoppinglive&returnParams=%7B%7D
DP_038,"덴마크 유산균이야기 60캡슐, 3개",https://product.shoppinglive.naver.com/bridge/v4/product/shopping?broadcastId=1401984&channelProductNo=8052761425&hasHeader=true&isNewWindow=false&sourceUrl=https%3A%2F%2Fsmartstore.naver.com%2Fmain%2Fproducts%2F8052761425&tr=lim&externalServiceId=shoppinglive&returnParams=%7B%7D
DP_039,(단종)덴프스 이너씰 샷 12주분/6BOX,https://product.shoppinglive.naver.com/bridge/v4/product/shopping?broadcastId=865309&channelProductNo=7091022093&hasHeader=true&isNewWindow=false&sourceUrl=https%3A%2F%2Fsmartstore.naver.com%2Fmain%2Fproducts%2F7091022093&tr=lim&externalServiceId=shoppinglive&returnParams=%7B%7D
DP_040,(단종)휘게엔자임 골드 6개월/6BOX,https://product.shoppinglive.naver.com/bridge/v4/product/shopping?broadcastId=865309&channelProductNo=6537484399&hasHeader=true&isNewWindow=false&sourceUrl=https%3A%2F%2Fsmartstore.naver.com%2Fmain%2Fproducts%2F6537484399&tr=lim&externalServiceId=shoppinglive&returnParams=%7B%7D
DP_041,(단종)어린콜라겐 이너씰 C 12주분/6BOX,https://product.shoppinglive.naver.com/bridge/v4/product/shopping?broadcastId=865309&channelProductNo=7055468106&hasHeader=true&isNewWindow=false&sourceUrl=https%3A%2F%2Fsmartstore.naver.com%2Fmain%2Fproducts%2F7055468106&tr=lim&externalServiceId=shoppinglive&returnParams=%7B%7D
DP_042,(용량변경으로 판매x) 덴프스 트루바이타민 부스터(7개입) 3B,https://product.shoppinglive.naver.com/bridge/v4/product/shopping?broadcastId=865309&channelProductNo=7698505353&hasHeader=true&isNewWindow=false&sourceUrl=https%3A%2F%2Fsmartstore.naver.com%2Fmain%2Fproducts%2F7698505353&tr=lim&externalServiceId=shoppinglive&returnParams=%7B%7D
DP_043,(단종)덴프스 이너씰 샷 6주분/3BOX,https://product.shoppinglive.naver.com/bridge/v4/product/shopping?broadcastId=865309&channelProductNo=7091016234&hasHeader=true&isNewWindow=false&sourceUrl=https%3A%2F%2Fsmartstore.naver.com%2Fmain%2Fproducts%2F7091016234&tr=lim&externalServiceId=shoppinglive&returnParams=%7B%7D
DP_044,(단종)휘게엔자임 골드 3box/3개월,https://product.shoppinglive.naver.com/bridge/v4/product/shopping?broadcastId=865309&channelProductNo=6103276964&hasHeader=true&isNewWindow=false&sourceUrl=https%3A%2F%2Fsmartstore.naver.com%2Fmain%2Fproducts%2F6103276964&tr=lim&externalServiceId=shoppinglive&returnParams=%7B%7D
DP_045,(단종)어린콜라겐 이너씰 C 6주분/3BOX,https://product.shoppinglive.naver.com/bridge/v4/product/shopping?broadcastId=865309&channelProductNo=5950070180&hasHeader=true&isNewWindow=false&sourceUrl=https%3A%2F%2Fsmartstore.naver.com%2Fmain%2Fproducts%2F5950070180&tr=lim&externalServiceId=shoppinglive&returnParams=%7B%7D
DP_046,덴프스 백수오 프리미엄 진 2개월/2BOX,https://product.shoppinglive.naver.com/bridge/v4/product/shopping?broadcastId=865309&channelProductNo=6103385952&hasHeader=true&isNewWindow=false&sourceUrl=https%3A%2F%2Fsmartstore.naver.com%2Fmain%2Fproducts%2F6103385952&tr=lim&externalServiceId=shoppinglive&returnParams=%7B%7D
DP_047,"마그네슘 솔루션 30포, 1개",https://product.shoppinglive.naver.com/bridge/v4/product/shopping?broadcastId=865309&channelProductNo=7702428534&hasHeader=true&isNewWindow=false&sourceUrl=https%3A%2F%2Fsmartstore.naver.com%2Fmain%2Fproducts%2F7702428534&tr=lim&externalServiceId=shoppinglive&returnParams=%7B%7D
DP_048,덴프스 비오틴 밸런스 1개월분/1BOX,https://product.shoppinglive.naver.com/bridge/v4/product/shopping?broadcastId=865309&channelProductNo=7702363944&hasHeader=true&isNewWindow=false&sourceUrl=https%3A%2F%2Fsmartstore.naver.com%2Fmain%2Fproducts%2F7702363944&tr=lim&externalServiceId=shoppinglive&returnParams=%7B%7D
DP_049,(단종)덴프스 초유프로틴 2주분/1BOX,https://product.shoppinglive.naver.com/bridge/v4/product/shopping?broadcastId=865309&channelProductNo=5305670227&hasHeader=true&isNewWindow=false&sourceUrl=https%3A%2F%2Fsmartstore.naver.com%2Fmain%2Fproducts%2F5305670227&tr=lim&externalServiceId=shoppinglive&returnParams=%7B%7D
DP_050,(복합)덴마크 유산균이야기 6개월/3박스+트루바이타민 부스터 1병,https://product.shoppinglive.naver.com/bridge/v4/product/shopping?broadcastId=789426&channelProductNo=5846817123&hasHeader=true&isNewWindow=false&sourceUrl=https%3A%2F%2Fsmartstore.naver.com%2Fmain%2Fproducts%2F5846817123&tr=lim&externalServiceId=shoppinglive&returnParams=%7B%7D
DP_051,(사용안함)트루바이타민I 3개월분/3BOX,https://product.shoppinglive.naver.com/bridge/v4/product/shopping?broadcastId=789426&channelProductNo=7091318497&hasHeader=true&isNewWindow=false&sourceUrl=https%3A%2F%2Fsmartstore.naver.com%2Fmain%2Fproducts%2F7091318497&tr=lim&externalServiceId=shoppinglive&returnParams=%7B%7D
DP_052,선물세트 BG 덴마크 유산균이야기 2개월+트루바이타민 1개월+ 쇼핑백,https://product.shoppinglive.naver.com/bridge/v4/product/shopping?broadcastId=789426&channelProductNo=5348619671&hasHeader=true&isNewWindow=false&sourceUrl=https%3A%2F%2Fsmartstore.naver.com%2Fmain%2Fproducts%2F5348619671&tr=lim&externalServiceId=shoppinglive&returnParams=%7B%7D
DP_053,"덴프스 트루바이타민 키즈 면역젤리 14포, 1개",https://product.shoppinglive.naver.com/bridge/v4/product/shopping?broadcastId=789426&channelProductNo=6639816352&hasHeader=true&isNewWindow=false&sourceUrl=https%3A%2F%2Fsmartstore.naver.com%2Fmain%2Fproducts%2F6639816352&tr=lim&externalServiceId=shoppinglive&returnParams=%7B%7D
DP_054,덴프스 비오틴 밸런스 3BOX/ 3개월분,https://product.shoppinglive.naver.com/bridge/v4/product/shopping?broadcastId=789426&channelProductNo=7702371966&hasHeader=true&isNewWindow=false&sourceUrl=https%3A%2F%2Fsmartstore.naver.com%2Fmain%2Fproducts%2F7702371966&tr=lim&externalServiceId=shoppinglive&returnParams=%7B%7D
DP_055,"밀크씨슬 리버케어 60캡슐, 3개",https://product.shoppinglive.naver.com/bridge/v4/product/shopping?broadcastId=789426&channelProductNo=5965305054&hasHeader=true&isNewWindow=false&sourceUrl=https%3A%2F%2Fsmartstore.naver.com%2Fmain%2Fproducts%2F5965305054&tr=lim&externalServiceId=shoppinglive&returnParams=%7B%7D
DP_056,"루테인 지아잔틴 MAX 30캡슐, 3개",https://product.shoppinglive.naver.com/bridge/v4/product/shopping?broadcastId=789426&channelProductNo=5539114618&hasHeader=true&isNewWindow=false&sourceUrl=https%3A%2F%2Fsmartstore.naver.com%2Fmain%2Fproducts%2F5539114618&tr=lim&externalServiceId=shoppinglive&returnParams=%7B%7D
DP_057,덴프스 덴마크 유산균이야기 베베D 2박스/2개월,https://product.shoppinglive.naver.com/bridge/v4/product/shopping?broadcastId=789426&channelProductNo=5694474610&hasHeader=true&isNewWindow=false&sourceUrl=https%3A%2F%2Fsmartstore.naver.com%2Fmain%2Fproducts%2F5694474610&tr=lim&externalServiceId=shoppinglive&returnParams=%7B%7D
DP_058,선물세트 덴마크 유산균이야기 6개월/3박스 + 브랜드쇼핑백,https://product.shoppinglive.naver.com/bridge/v4/product/shopping?broadcastId=934000&channelProductNo=5348609876&hasHeader=true&isNewWindow=false&sourceUrl=https%3A%2F%2Fsmartstore.naver.com%2Fmain%2Fproducts%2F5348609876&tr=lim&externalServiceId=shoppinglive&returnParams=%7B%7D
DP_059,(복합)(선물세트)[덴마크 유산균이야기 2개월분+트루바이타민 1개월분] X 3SET 백수오 프리미엄 진 1개월분+쇼핑백 증정!,https://product.shoppinglive.naver.com/bridge/v4/product/shopping?broadcastId=934000&channelProductNo=8452434071&hasHeader=true&isNewWindow=false&sourceUrl=https%3A%2F%2Fsmartstore.naver.com%2Fmain%2Fproducts%2F8452434071&tr=lim&externalServiceId=shoppinglive&returnParams=%7B%7D
DP_060,(복합)(선물세트)[덴마크 유산균이야기 6개월분] X 3SET+백수오 프리미엄 진 1개월분 +쇼핑백 증정!,https://product.shoppinglive.naver.com/bridge/v4/product/shopping?broadcastId=934000&channelProductNo=8452402441&hasHeader=true&isNewWindow=false&sourceUrl=https%3A%2F%2Fsmartstore.naver.com%2Fmain%2Fproducts%2F8452402441&tr=lim&externalServiceId=shoppinglive&returnParams=%7B%7D
DP_061,덴프스 프리바이오틱스 이뮨 3박스/3개월분,https://product.shoppinglive.naver.com/bridge/v4/product/shopping?broadcastId=718959&channelProductNo=7511298796&hasHeader=true&isNewWindow=false&sourceUrl=https%3A%2F%2Fsmartstore.naver.com%2Fmain%2Fproducts%2F7511298796&tr=lim&externalServiceId=shoppinglive&returnParams=%7B%7D
DP_062,(단종)트루바이타민 츄어블D 6개월/3BOX,https://product.shoppinglive.naver.com/bridge/v4/product/shopping?broadcastId=718959&channelProductNo=6096593490&hasHeader=true&isNewWindow=false&sourceUrl=https%3A%2F%2Fsmartstore.naver.com%2Fmain%2Fproducts%2F6096593490&tr=lim&externalServiceId=shoppinglive&returnParams=%7B%7D
DP_063,"덴프스 트루바이타민 키즈 면역젤리 14포, 2개",https://product.shoppinglive.naver.com/bridge/v4/product/shopping?broadcastId=718959&channelProductNo=6639820254&hasHeader=true&isNewWindow=false&sourceUrl=https%3A%2F%2Fsmartstore.naver.com%2Fmain%2Fproducts%2F6639820254&tr=lim&externalServiceId=shoppinglive&returnParams=%7B%7D
DP_064,(단종)트루바이타민 키즈 칼슘젤리(14포) 2BOX,https://product.shoppinglive.naver.com/bridge/v4/product/shopping?broadcastId=515384&channelProductNo=6639859798&hasHeader=true&isNewWindow=false&sourceUrl=https%3A%2F%2Fsmartstore.naver.com%2Fmain%2Fproducts%2F6639859798&tr=lim&externalServiceId=shoppinglive&returnParams=%7B%7D
DP_065,(사용안함)트루바이타민 키즈 3개월/3BOX +쇼핑백 증정!,https://product.shoppinglive.naver.com/bridge/v4/product/shopping?broadcastId=515384&channelProductNo=4995203912&hasHeader=true&isNewWindow=false&sourceUrl=https%3A%2F%2Fsmartstore.naver.com%2Fmain%2Fproducts%2F4995203912&tr=lim&externalServiceId=shoppinglive&returnParams=%7B%7D
DP_066,"덴프스 식물성오메가3 키즈 70캡슐, 3개",https://product.shoppinglive.naver.com/bridge/v4/product/shopping?broadcastId=515384&channelProductNo=5105986923&hasHeader=true&isNewWindow=false&sourceUrl=https%3A%2F%2Fsmartstore.naver.com%2Fmain%2Fproducts%2F5105986923&tr=lim&externalServiceId=shoppinglive&returnParams=%7B%7D
DP_067,덴프스 휘게클렌즈 다이어트 6주분/3BOX,https://product.shoppinglive.naver.com/bridge/v4/product/shopping?broadcastId=1117015&channelProductNo=8321141655&hasHeader=true&isNewWindow=false&sourceUrl=https%3A%2F%2Fsmartstore.naver.com%2Fmain%2Fproducts%2F8321141655&tr=lim&externalServiceId=shoppinglive&returnParams=%7B%7D
DP_068,덴프스 슬림핏 다이어트 6주분/3BOX,https://product.shoppinglive.naver.com/bridge/v4/product/shopping?broadcastId=1117015&channelProductNo=8605583247&hasHeader=true&isNewWindow=false&sourceUrl=https%3A%2F%2Fsmartstore.naver.com%2Fmain%2Fproducts%2F8605583247&tr=lim&externalServiceId=shoppinglive&returnParams=%7B%7D
DP_069,덴프스 덴마크 프로틴밀 3BOX/21개입,https://product.shoppinglive.naver.com/bridge/v4/product/shopping?broadcastId=1117015&channelProductNo=8967933600&hasHeader=true&isNewWindow=false&sourceUrl=https%3A%2F%2Fsmartstore.naver.com%2Fmain%2Fproducts%2F8967933600&tr=lim&externalServiceId=shoppinglive&returnParams=%7B%7D
DP_070,덴프스 화이트필 정 12주분/3BOX,https://product.shoppinglive.naver.com/bridge/v4/product/shopping?broadcastId=1117015&channelProductNo=9046353906&hasHeader=true&isNewWindow=false&sourceUrl=https%3A%2F%2Fsmartstore.naver.com%2Fmain%2Fproducts%2F9046353906&tr=lim&externalServiceId=shoppinglive&returnParams=%7B%7D
DP_071,덴프스 이너씰 글루타치온C 6주분/3BOX,https://product.shoppinglive.naver.com/bridge/v4/product/shopping?broadcastId=1117015&channelProductNo=8596811688&hasHeader=true&isNewWindow=false&sourceUrl=https%3A%2F%2Fsmartstore.naver.com%2Fmain%2Fproducts%2F8596811688&tr=lim&externalServiceId=shoppinglive&returnParams=%7B%7D
DP_072,"트루바이타민 키즈 30포, 3개",https://product.shoppinglive.naver.com/bridge/v4/product/shopping?broadcastId=1117015&channelProductNo=8529317622&hasHeader=true&isNewWindow=false&sourceUrl=https%3A%2F%2Fsmartstore.naver.com%2Fmain%2Fproducts%2F8529317622&tr=lim&externalServiceId=shoppinglive&returnParams=%7B%7D
DP_073,덴프스 트루바이타민 액티브 4박스/4개월,https://product.shoppinglive.naver.com/bridge/v4/product/shopping?broadcastId=1592855&channelProductNo=11012888566&hasHeader=true&isNewWindow=false&sourceUrl=https%3A%2F%2Fsmartstore.naver.com%2Fmain%2Fproducts%2F11012888566&tr=lim&externalServiceId=shoppinglive&returnParams=%7B%7D
DP_074,"덴마크 유산균이야기 우먼 30캡슐, 4개",https://product.shoppinglive.naver.com/bridge/v4/product/shopping?broadcastId=1592855&channelProductNo=11261507716&hasHeader=true&isNewWindow=false&sourceUrl=https%3A%2F%2Fsmartstore.naver.com%2Fmain%2Fproducts%2F11261507716&tr=lim&externalServiceId=shoppinglive&returnParams=%7B%7D
DP_075,선물세트 트루바이타민I 4개월 선물세트+쇼핑백,https://product.shoppinglive.naver.com/bridge/v4/product/shopping?broadcastId=1592855&channelProductNo=10802493278&hasHeader=true&isNewWindow=false&sourceUrl=https%3A%2F%2Fsmartstore.naver.com%2Fmain%2Fproducts%2F10802493278&tr=lim&externalServiceId=shoppinglive&returnParams=%7B%7D
DP_076,"밀크씨슬 리버케어 30정, 2개",https://product.shoppinglive.naver.com/bridge/v4/product/shopping?broadcastId=1592855&channelProductNo=11437344591&hasHeader=true&isNewWindow=false&sourceUrl=https%3A%2F%2Fsmartstore.naver.com%2Fmain%2Fproducts%2F11437344591&tr=lim&externalServiceId=shoppinglive&returnParams=%7B%7D
DP_077,덴프스 혈당케어 슬림 6개월/2BOX,https://product.shoppinglive.naver.com/bridge/v4/product/shopping?broadcastId=1592855&channelProductNo=10509006543&hasHeader=true&isNewWindow=false&sourceUrl=https%3A%2F%2Fsmartstore.naver.com%2Fmain%2Fproducts%2F10509006543&tr=lim&externalServiceId=shoppinglive&returnParams=%7B%7D
DP_078,덴프스 덴마크 유산균이야기 2박스/4개월분 + 식물성 rTG 오메가3 2박스/2개월,https://product.shoppinglive.naver.com/bridge/v4/product/shopping?broadcastId=1592855&channelProductNo=11035561362&hasHeader=true&isNewWindow=false&sourceUrl=https%3A%2F%2Fsmartstore.naver.com%2Fmain%2Fproducts%2F11035561362&tr=lim&externalServiceId=shoppinglive&returnParams=%7B%7D
DP_079,"트루바이타민 I 30포, 4개",https://product.shoppinglive.naver.com/bridge/v4/product/shopping?broadcastId=1592855&channelProductNo=6639658280&hasHeader=true&isNewWindow=false&sourceUrl=https%3A%2F%2Fsmartstore.naver.com%2Fmain%2Fproducts%2F6639658280&tr=lim&externalServiceId=shoppinglive&returnParams=%7B%7D
DP_080,"덴마크 유산균이야기 우먼 30캡슐, 3개",https://product.shoppinglive.naver.com/bridge/v4/product/shopping?broadcastId=1592855&channelProductNo=11237456862&hasHeader=true&isNewWindow=false&sourceUrl=https%3A%2F%2Fsmartstore.naver.com%2Fmain%2Fproducts%2F11237456862&tr=lim&externalServiceId=shoppinglive&returnParams=%7B%7D
DP_081,"덴마크 유산균이야기 다이어트 28캡슐, 2개",https://product.shoppinglive.naver.com/bridge/v4/product/shopping?broadcastId=1592855&channelProductNo=9468720923&hasHeader=true&isNewWindow=false&sourceUrl=https%3A%2F%2Fsmartstore.naver.com%2Fmain%2Fproducts%2F9468720923&tr=lim&externalServiceId=shoppinglive&returnParams=%7B%7D
DP_082,"덴마크 유산균이야기 키즈 30포, 4개",https://product.shoppinglive.naver.com/bridge/v4/product/shopping?broadcastId=1592855&channelProductNo=2760738761&hasHeader=true&isNewWindow=false&sourceUrl=https%3A%2F%2Fsmartstore.naver.com%2Fmain%2Fproducts%2F2760738761&tr=lim&externalServiceId=shoppinglive&returnParams=%7B%7D
DP_083,"콜라겐 스킨부스터 14포, 8개",https://product.shoppinglive.naver.com/bridge/v4/product/shopping?broadcastId=1592855&channelProductNo=11237462855&hasHeader=true&isNewWindow=false&sourceUrl=https%3A%2F%2Fsmartstore.naver.com%2Fmain%2Fproducts%2F11237462855&tr=lim&externalServiceId=shoppinglive&returnParams=%7B%7D
DP_084,"마그네슘 솔루션 30포, 4개",https://product.shoppinglive.naver.com/bridge/v4/product/shopping?broadcastId=1592855&channelProductNo=7873071810&hasHeader=true&isNewWindow=false&sourceUrl=https%3A%2F%2Fsmartstore.naver.com%2Fmain%2Fproducts%2F7873071810&tr=lim&externalServiceId=shoppinglive&returnParams=%7B%7D
DP_085,"덴마크 유산균이야기 50캡슐, 4개",https://product.shoppinglive.naver.com/bridge/v4/product/shopping?broadcastId=1592855&channelProductNo=11563706833&hasHeader=true&isNewWindow=false&sourceUrl=https%3A%2F%2Fsmartstore.naver.com%2Fmain%2Fproducts%2F11563706833&tr=lim&externalServiceId=shoppinglive&returnParams=%7B%7D
DP_086,덴프스 혈당케어 슬림 4개월/4BOX,https://product.shoppinglive.naver.com/bridge/v4/product/shopping?broadcastId=1592855&channelProductNo=10249381680&hasHeader=true&isNewWindow=false&sourceUrl=https%3A%2F%2Fsmartstore.naver.com%2Fmain%2Fproducts%2F10249381680&tr=lim&externalServiceId=shoppinglive&returnParams=%7B%7D
DP_087,"트루바이타민 Booster UP 7개입, 4개",https://product.shoppinglive.naver.com/bridge/v4/product/shopping?broadcastId=1592855&channelProductNo=11047851603&hasHeader=true&isNewWindow=false&sourceUrl=https%3A%2F%2Fsmartstore.naver.com%2Fmain%2Fproducts%2F11047851603&tr=lim&externalServiceId=shoppinglive&returnParams=%7B%7D
DP_088,덴프스 혈당 케어 프로 4박스/8개월분,https://product.shoppinglive.naver.com/bridge/v4/product/shopping?broadcastId=1592855&channelProductNo=10385872594&hasHeader=true&isNewWindow=false&sourceUrl=https%3A%2F%2Fsmartstore.naver.com%2Fmain%2Fproducts%2F10385872594&tr=lim&externalServiceId=shoppinglive&returnParams=%7B%7D
DP_089,덴프스 휘게엔자임 액티브 Fine 3개월/3BOX,https://product.shoppinglive.naver.com/bridge/v4/product/shopping?broadcastId=1592855&channelProductNo=8278907990&hasHeader=true&isNewWindow=false&sourceUrl=https%3A%2F%2Fsmartstore.naver.com%2Fmain%2Fproducts%2F8278907990&tr=lim&externalServiceId=shoppinglive&returnParams=%7B%7D
DP_090,(단종)트루바이타민 츄어블D 12개월분/6BOX,https://product.shoppinglive.naver.com/bridge/v4/product/shopping?broadcastId=452894&channelProductNo=5502690218&hasHeader=true&isNewWindow=false&sourceUrl=https%3A%2F%2Fsmartstore.naver.com%2Fmain%2Fproducts%2F5502690218&tr=lim&externalServiceId=shoppinglive&returnParams=%7B%7D
DP_091,(단종)트루바이타민 츄어블B 6개월분/6BOX,https://product.shoppinglive.naver.com/bridge/v4/product/shopping?broadcastId=452894&channelProductNo=5502698428&hasHeader=true&isNewWindow=false&sourceUrl=https%3A%2F%2Fsmartstore.naver.com%2Fmain%2Fproducts%2F5502698428&tr=lim&externalServiceId=shoppinglive&returnParams=%7B%7D
DP_092,(단종)트루다이어트 8주분/4BOX+수면이야기 락티움 6일분 증정(한정수량),https://product.shoppinglive.naver.com/bridge/v4/product/shopping?broadcastId=484966&channelProductNo=6562643508&hasHeader=true&isNewWindow=false&sourceUrl=https%3A%2F%2Fsmartstore.naver.com%2Fmain%2Fproducts%2F6562643508&tr=lim&externalServiceId=shoppinglive&returnParams=%7B%7D
DP_093,(단종)트루다이어트 4주분/2BOX,https://product.shoppinglive.naver.com/bridge/v4/product/shopping?broadcastId=484966&channelProductNo=4533744963&hasHeader=true&isNewWindow=false&sourceUrl=https%3A%2F%2Fsmartstore.naver.com%2Fmain%2Fproducts%2F4533744963&tr=lim&externalServiceId=shoppinglive&returnParams=%7B%7D
DP_094,(단종)덴프스 초유프로틴 6주분/3BOX,https://product.shoppinglive.naver.com/bridge/v4/product/shopping?broadcastId=484966&channelProductNo=5305682660&hasHeader=true&isNewWindow=false&sourceUrl=https%3A%2F%2Fsmartstore.naver.com%2Fmain%2Fproducts%2F5305682660&tr=lim&externalServiceId=shoppinglive&returnParams=%7B%7D
DP_095,(단종)초유프로틴 12주분/6BOX,https://product.shoppinglive.naver.com/bridge/v4/product/shopping?broadcastId=484966&channelProductNo=5305690409&hasHeader=true&isNewWindow=false&sourceUrl=https%3A%2F%2Fsmartstore.naver.com%2Fmain%2Fproducts%2F5305690409&tr=lim&externalServiceId=shoppinglive&returnParams=%7B%7D
DP_096,(단종)트루다이어트 8주분/4BOX,https://product.shoppinglive.naver.com/bridge/v4/product/shopping?broadcastId=484966&channelProductNo=4533749519&hasHeader=true&isNewWindow=false&sourceUrl=https%3A%2F%2Fsmartstore.naver.com%2Fmain%2Fproducts%2F4533749519&tr=lim&externalServiceId=shoppinglive&returnParams=%7B%7D
DP_097,덴프스 트루바이타민 액티브 3박스/3개월,https://product.shoppinglive.naver.com/bridge/v4/product/shopping?broadcastId=1504269&channelProductNo=10948747672&hasHeader=true&isNewWindow=false&sourceUrl=https%3A%2F%2Fsmartstore.naver.com%2Fmain%2Fproducts%2F10948747672&tr=lim&externalServiceId=shoppinglive&returnParams=%7B%7D
DP_098,덴프스 트루바이타민 액티브 2박스/2개월,https://product.shoppinglive.naver.com/bridge/v4/product/shopping?broadcastId=1504269&channelProductNo=11012881076&hasHeader=true&isNewWindow=false&sourceUrl=https%3A%2F%2Fsmartstore.naver.com%2Fmain%2Fproducts%2F11012881076&tr=lim&externalServiceId=shoppinglive&returnParams=%7B%7D
DP_099,"트루바이타민 30포, 3개",https://product.shoppinglive.naver.com/bridge/v4/product/shopping?broadcastId=1504269&channelProductNo=4736180263&hasHeader=true&isNewWindow=false&sourceUrl=https%3A%2F%2Fsmartstore.naver.com%2Fmain%2Fproducts%2F4736180263&tr=lim&externalServiceId=shoppinglive&returnParams=%7B%7D
DP_100,선물세트 덴프스 트루바이타민 액티브 4박스/4개월 + 브랜드쇼핑백,https://product.shoppinglive.naver.com/bridge/v4/product/shopping?broadcastId=1504269&channelProductNo=11035558569&hasHeader=true&isNewWindow=false&sourceUrl=https%3A%2F%2Fsmartstore.naver.com%2Fmain%2Fproducts%2F11035558569&tr=lim&externalServiceId=shoppinglive&returnParams=%7B%7D
DP_101,덴프스 덴마크 유산균이야기 2박스/4개월 + 유산균이야기 우먼 2박스/4개월,https://product.shoppinglive.naver.com/bridge/v4/product/shopping?broadcastId=1504269&channelProductNo=10898276413&hasHeader=true&isNewWindow=false&sourceUrl=https%3A%2F%2Fsmartstore.naver.com%2Fmain%2Fproducts%2F10898276413&tr=lim&externalServiceId=shoppinglive&returnParams=%7B%7D
DP_102,덴프스 혈당케어 슬림 3+3박스/6개월분,https://product.shoppinglive.naver.com/bridge/v4/product/shopping?broadcastId=1504269&channelProductNo=9911823800&hasHeader=true&isNewWindow=false&sourceUrl=https%3A%2F%2Fsmartstore.naver.com%2Fmain%2Fproducts%2F9911823800&tr=lim&externalServiceId=shoppinglive&returnParams=%7B%7D
DP_103,덴프스 식물성 rTG 알티지 오메가3 12개월/12BOX,https://product.shoppinglive.naver.com/bridge/v4/product/shopping?broadcastId=1504269&channelProductNo=11192537483&hasHeader=true&isNewWindow=false&sourceUrl=https%3A%2F%2Fsmartstore.naver.com%2Fmain%2Fproducts%2F11192537483&tr=lim&externalServiceId=shoppinglive&returnParams=%7B%7D
DP_104,"콜라겐 스킨부스터 14포, 4개",https://product.shoppinglive.naver.com/bridge/v4/product/shopping?broadcastId=1504269&channelProductNo=10208486890&hasHeader=true&isNewWindow=false&sourceUrl=https%3A%2F%2Fsmartstore.naver.com%2Fmain%2Fproducts%2F10208486890&tr=lim&externalServiceId=shoppinglive&returnParams=%7B%7D
DP_105,"덴프스 덴마크 유산균이야기 키즈 30포, 2개",https://product.shoppinglive.naver.com/bridge/v4/product/shopping?broadcastId=1504269&channelProductNo=2760735641&hasHeader=true&isNewWindow=false&sourceUrl=https%3A%2F%2Fsmartstore.naver.com%2Fmain%2Fproducts%2F2760735641&tr=lim&externalServiceId=shoppinglive&returnParams=%7B%7D
DP_106,덴프스 덴마크 유산균이야기 베베D 4박스/4개월,https://product.shoppinglive.naver.com/bridge/v4/product/shopping?broadcastId=1504269&channelProductNo=5694474498&hasHeader=true&isNewWindow=false&sourceUrl=https%3A%2F%2Fsmartstore.naver.com%2Fmain%2Fproducts%2F5694474498&tr=lim&externalServiceId=shoppinglive&returnParams=%7B%7D
DP_107,덴프스 휘게엔자임액티브Soy 2개월/2BOX,https://product.shoppinglive.naver.com/bridge/v4/product/shopping?broadcastId=1504269&channelProductNo=10685905820&hasHeader=true&isNewWindow=false&sourceUrl=https%3A%2F%2Fsmartstore.naver.com%2Fmain%2Fproducts%2F10685905820&tr=lim&externalServiceId=shoppinglive&returnParams=%7B%7D
DP_108,"덴마크 유산균이야기 60캡슐, 2개",https://product.shoppinglive.naver.com/bridge/v4/product/shopping?broadcastId=1205297&channelProductNo=4786014390&hasHeader=true&isNewWindow=false&sourceUrl=https%3A%2F%2Fsmartstore.naver.com%2Fmain%2Fproducts%2F4786014390&tr=lim&externalServiceId=shoppinglive&returnParams=%7B%7D
DP_109,"덴마크 유산균이야기 우먼 60캡슐, 2개",https://product.shoppinglive.naver.com/bridge/v4/product/shopping?broadcastId=1205297&channelProductNo=9182935016&hasHeader=true&isNewWindow=false&sourceUrl=https%3A%2F%2Fsmartstore.naver.com%2Fmain%2Fproducts%2F9182935016&tr=lim&externalServiceId=shoppinglive&returnParams=%7B%7D
DP_110,"덴마크 유산균이야기 베이직 30포, 4개",https://product.shoppinglive.naver.com/bridge/v4/product/shopping?broadcastId=1205297&channelProductNo=9795372813&hasHeader=true&isNewWindow=false&sourceUrl=https%3A%2F%2Fsmartstore.naver.com%2Fmain%2Fproducts%2F9795372813&tr=lim&externalServiceId=shoppinglive&returnParams=%7B%7D
DP_111,"덴프스 덴마크 유산균이야기 우먼 60캡슐, 5개",https://product.shoppinglive.naver.com/bridge/v4/product/shopping?broadcastId=1205297&channelProductNo=9795002367&hasHeader=true&isNewWindow=false&sourceUrl=https%3A%2F%2Fsmartstore.naver.com%2Fmain%2Fproducts%2F9795002367&tr=lim&externalServiceId=shoppinglive&returnParams=%7B%7D
DP_112,"덴프스 덴마크 유산균이야기 다이어트 28캡슐, 5개",https://product.shoppinglive.naver.com/bridge/v4/product/shopping?broadcastId=1205297&channelProductNo=9795030938&hasHeader=true&isNewWindow=false&sourceUrl=https%3A%2F%2Fsmartstore.naver.com%2Fmain%2Fproducts%2F9795030938&tr=lim&externalServiceId=shoppinglive&returnParams=%7B%7D
DP_113,덴프스 덴마크 유산균이야기 베이직 10개월분/10BOX,https://product.shoppinglive.naver.com/bridge/v4/product/shopping?broadcastId=1205297&channelProductNo=9795458060&hasHeader=true&isNewWindow=false&sourceUrl=https%3A%2F%2Fsmartstore.naver.com%2Fmain%2Fproducts%2F9795458060&tr=lim&externalServiceId=shoppinglive&returnParams=%7B%7D
DP_114,덴프스 프리바이오틱스 이뮨 4개월/4BOX,https://product.shoppinglive.naver.com/bridge/v4/product/shopping?broadcastId=1205297&channelProductNo=4352386303&hasHeader=true&isNewWindow=false&sourceUrl=https%3A%2F%2Fsmartstore.naver.com%2Fmain%2Fproducts%2F4352386303&tr=lim&externalServiceId=shoppinglive&returnParams=%7B%7D
DP_115,덴프스 프리바이오틱스 이뮨 6개월/6BOX,https://product.shoppinglive.naver.com/bridge/v4/product/shopping?broadcastId=1205297&channelProductNo=4352388672&hasHeader=true&isNewWindow=false&sourceUrl=https%3A%2F%2Fsmartstore.naver.com%2Fmain%2Fproducts%2F4352388672&tr=lim&externalServiceId=shoppinglive&returnParams=%7B%7D
DP_116,(복합)덴마크 유산균이야기 6개월분/3박스+비타민B 츄어블 1개월분/1박스,https://product.shoppinglive.naver.com/bridge/v4/product/shopping?broadcastId=830087&channelProductNo=5932147941&hasHeader=true&isNewWindow=false&sourceUrl=https%3A%2F%2Fsmartstore.naver.com%2Fmain%2Fproducts%2F5932147941&tr=lim&externalServiceId=shoppinglive&returnParams=%7B%7D
DP_117,"덴프스 덴마크 유산균이야기 베이직 30포, 3개",https://product.shoppinglive.naver.com/bridge/v4/product/shopping?broadcastId=830087&channelProductNo=7292130424&hasHeader=true&isNewWindow=false&sourceUrl=https%3A%2F%2Fsmartstore.naver.com%2Fmain%2Fproducts%2F7292130424&tr=lim&externalServiceId=shoppinglive&returnParams=%7B%7D
DP_118,덴프스 베타글루칸 면역채움 2BOX/총 4개월분,https://product.shoppinglive.naver.com/bridge/v4/product/shopping?broadcastId=830087&channelProductNo=5400728080&hasHeader=true&isNewWindow=false&sourceUrl=https%3A%2F%2Fsmartstore.naver.com%2Fmain%2Fproducts%2F5400728080&tr=lim&externalServiceId=shoppinglive&returnParams=%7B%7D
DP_119,"트루바이타민 키즈 면역젤리 14포, 6개",https://product.shoppinglive.naver.com/bridge/v4/product/shopping?broadcastId=830087&channelProductNo=6639827829&hasHeader=true&isNewWindow=false&sourceUrl=https%3A%2F%2Fsmartstore.naver.com%2Fmain%2Fproducts%2F6639827829&tr=lim&externalServiceId=shoppinglive&returnParams=%7B%7D
DP_120,(용량변경으로 판매x) 덴프스 트루바이타민 부스터 2박스+2박스,https://product.shoppinglive.naver.com/bridge/v4/product/shopping?broadcastId=1070051&channelProductNo=7944344563&hasHeader=true&isNewWindow=false&sourceUrl=https%3A%2F%2Fsmartstore.naver.com%2Fmain%2Fproducts%2F7944344563&tr=lim&externalServiceId=shoppinglive&returnParams=%7B%7D
DP_121,덴프스 화이트필 정 6박스/총 24주분,https://product.shoppinglive.naver.com/bridge/v4/product/shopping?broadcastId=1351206&channelProductNo=9069450587&hasHeader=true&isNewWindow=false&sourceUrl=https%3A%2F%2Fsmartstore.naver.com%2Fmain%2Fproducts%2F9069450587&tr=lim&externalServiceId=shoppinglive&returnParams=%7B%7D
DP_122,덴프스 백수오 프리미엄 진 3BOX/총 3개월분,https://product.shoppinglive.naver.com/bridge/v4/product/shopping?broadcastId=1351206&channelProductNo=6103408085&hasHeader=true&isNewWindow=false&sourceUrl=https%3A%2F%2Fsmartstore.naver.com%2Fmain%2Fproducts%2F6103408085&tr=lim&externalServiceId=shoppinglive&returnParams=%7B%7D
DP_123,"철분 헤모케어 30포, 2개",https://product.shoppinglive.naver.com/bridge/v4/product/shopping?broadcastId=1351206&channelProductNo=8090216232&hasHeader=true&isNewWindow=false&sourceUrl=https%3A%2F%2Fsmartstore.naver.com%2Fmain%2Fproducts%2F8090216232&tr=lim&externalServiceId=shoppinglive&returnParams=%7B%7D
DP_124,"식물성 알티지오메가3 60캡슐, 4개",https://product.shoppinglive.naver.com/bridge/v4/product/shopping?broadcastId=562745&channelProductNo=5965419903&hasHeader=true&isNewWindow=false&sourceUrl=https%3A%2F%2Fsmartstore.naver.com%2Fmain%2Fproducts%2F5965419903&tr=lim&externalServiceId=shoppinglive&returnParams=%7B%7D
DP_125,(단종)트루바이타민 츄어블 B 3개월 3BOX,https://product.shoppinglive.naver.com/bridge/v4/product/shopping?broadcastId=562745&channelProductNo=5924005397&hasHeader=true&isNewWindow=false&sourceUrl=https%3A%2F%2Fsmartstore.naver.com%2Fmain%2Fproducts%2F5924005397&tr=lim&externalServiceId=shoppinglive&returnParams=%7B%7D
DP_126,덴프스 베타글루칸 면역채움 1BOX/ 1개월분,https://product.shoppinglive.naver.com/bridge/v4/product/shopping?broadcastId=562745&channelProductNo=5400728153&hasHeader=true&isNewWindow=false&sourceUrl=https%3A%2F%2Fsmartstore.naver.com%2Fmain%2Fproducts%2F5400728153&tr=lim&externalServiceId=shoppinglive&returnParams=%7B%7D
DP_127,(단종)어골칼슘 프리미엄 2개월분/2BOX,https://product.shoppinglive.naver.com/bridge/v4/product/shopping?broadcastId=562745&channelProductNo=5892691775&hasHeader=true&isNewWindow=false&sourceUrl=https%3A%2F%2Fsmartstore.naver.com%2Fmain%2Fproducts%2F5892691775&tr=lim&externalServiceId=shoppinglive&returnParams=%7B%7D
DP_128,[건강케어세트] 덴마크 유산균이야기 12개월+트루바이타민 12개월분,https://product.shoppinglive.naver.com/bridge/v4/product/shopping?broadcastId=562745&channelProductNo=5279281968&hasHeader=true&isNewWindow=false&sourceUrl=https%3A%2F%2Fsmartstore.naver.com%2Fmain%2Fproducts%2F5279281968&tr=lim&externalServiceId=shoppinglive&returnParams=%7B%7D
DP_129,,https://product.shoppinglive.naver.com/bridge/v4/product/shopping?broadcastId=1734888&channelProductNo=8950954958&hasHeader=true&isNewWindow=false&sourceUrl=https%3A%2F%2Fsmartstore.naver.com%2Fmain%2Fproducts%2F8950954958&externalServiceId=shoppinglive&returnParams=%7B%7D&tr=lim
DP_130,덴프스 트루바이타민 구미 2+2PACK/총 8주분,https://product.shoppinglive.naver.com/bridge/v4/product/shopping?broadcastId=1032088&channelProductNo=8364078798&hasHeader=true&isNewWindow=false&sourceUrl=https%3A%2F%2Fsmartstore.naver.com%2Fmain%2Fproducts%2F8364078798&tr=lim&externalServiceId=shoppinglive&returnParams=%7B%7D
DP_131,"덴프스 리포좀 비타민C 60캡슐, 3개",https://product.shoppinglive.naver.com/bridge/v4/product/shopping?broadcastId=1032088&channelProductNo=8554944146&hasHeader=true&isNewWindow=false&sourceUrl=https%3A%2F%2Fsmartstore.naver.com%2Fmain%2Fproducts%2F8554944146&tr=lim&externalServiceId=shoppinglive&returnParams=%7B%7D
DP_132,"철분 헤모케어 30포, 3개",https://product.shoppinglive.naver.com/bridge/v4/product/shopping?broadcastId=1032088&channelProductNo=8090220943&hasHeader=true&isNewWindow=false&sourceUrl=https%3A%2F%2Fsmartstore.naver.com%2Fmain%2Fproducts%2F8090220943&tr=lim&externalServiceId=shoppinglive&returnParams=%7B%7D
DP_133,"활성엽산 서포트 60캡슐, 3개",https://product.shoppinglive.naver.com/bridge/v4/product/shopping?broadcastId=1032088&channelProductNo=7944896885&hasHeader=true&isNewWindow=false&sourceUrl=https%3A%2F%2Fsmartstore.naver.com%2Fmain%2Fproducts%2F7944896885&tr=lim&externalServiceId=shoppinglive&returnParams=%7B%7D
DP_134,(단종)[한정수량] 덴프스 어린콜라겐 이너씰 1박스+1박스 (총 4주분),https://product.shoppinglive.naver.com/bridge/v4/product/shopping?broadcastId=370087&channelProductNo=4793991659&hasHeader=true&isNewWindow=false&sourceUrl=https%3A%2F%2Fsmartstore.naver.com%2Fmain%2Fproducts%2F4793991659&tr=lim&externalServiceId=shoppinglive&returnParams=%7B%7D
DP_135,(단종)어린콜라겐 이너씰 12주분/6BOX,https://product.shoppinglive.naver.com/bridge/v4/product/shopping?broadcastId=370087&channelProductNo=6071171959&hasHeader=true&isNewWindow=false&sourceUrl=https%3A%2F%2Fsmartstore.naver.com%2Fmain%2Fproducts%2F6071171959&tr=lim&externalServiceId=shoppinglive&returnParams=%7B%7D
DP_136,덴프스 베타글루칸 면역채움 효모 3BOX/ 총 6개월분,https://product.shoppinglive.naver.com/bridge/v4/product/shopping?broadcastId=1075328&channelProductNo=5400727738&hasHeader=true&isNewWindow=false&sourceUrl=https%3A%2F%2Fsmartstore.naver.com%2Fmain%2Fproducts%2F5400727738&tr=lim&externalServiceId=shoppinglive&returnParams=%7B%7D
DP_137,(복합)덴마크 유산균이야기 6개월/3박스+덴마크 프로틴밀 2포,https://product.shoppinglive.naver.com/bridge/v4/product/shopping?broadcastId=777437&channelProductNo=7761945247&hasHeader=true&isNewWindow=false&sourceUrl=https%3A%2F%2Fsmartstore.naver.com%2Fmain%2Fproducts%2F7761945247&tr=lim&externalServiceId=shoppinglive&returnParams=%7B%7D
DP_138,덴프스 프리바이오틱스 이뮨 2개월/2BOX,https://product.shoppinglive.naver.com/bridge/v4/product/shopping?broadcastId=1471633&channelProductNo=4352381544&hasHeader=true&isNewWindow=false&sourceUrl=https%3A%2F%2Fsmartstore.naver.com%2Fmain%2Fproducts%2F4352381544&tr=lim&externalServiceId=shoppinglive&returnParams=%7B%7D
DP_139,"트루바이타민 30포, 2개",https://product.shoppinglive.naver.com/bridge/v4/product/shopping?broadcastId=1471633&channelProductNo=2495517829&hasHeader=true&isNewWindow=false&sourceUrl=https%3A%2F%2Fsmartstore.naver.com%2Fmain%2Fproducts%2F2495517829&tr=lim&externalServiceId=shoppinglive&returnParams=%7B%7D
DP_140,덴프스 트루바이타민X 2개월/2BOX,https://product.shoppinglive.naver.com/bridge/v4/product/shopping?broadcastId=1471633&channelProductNo=5914794209&hasHeader=true&isNewWindow=false&sourceUrl=https%3A%2F%2Fsmartstore.naver.com%2Fmain%2Fproducts%2F5914794209&tr=lim&externalServiceId=shoppinglive&returnParams=%7B%7D
DP_141,"식물성 알티지오메가3 60캡슐, 2개",https://product.shoppinglive.naver.com/bridge/v4/product/shopping?broadcastId=1471633&channelProductNo=5965419656&hasHeader=true&isNewWindow=false&sourceUrl=https%3A%2F%2Fsmartstore.naver.com%2Fmain%2Fproducts%2F5965419656&tr=lim&externalServiceId=shoppinglive&returnParams=%7B%7D
DP_142,덴프스 혈당케어 슬림 2개월/2BOX,https://product.shoppinglive.naver.com/bridge/v4/product/shopping?broadcastId=1471633&channelProductNo=9901493291&hasHeader=true&isNewWindow=false&sourceUrl=https%3A%2F%2Fsmartstore.naver.com%2Fmain%2Fproducts%2F9901493291&tr=lim&externalServiceId=shoppinglive&returnParams=%7B%7D
DP_143,"덴프스 트루바이타민 키즈 30포, 2개",https://product.shoppinglive.naver.com/bridge/v4/product/shopping?broadcastId=1471633&channelProductNo=8529295875&hasHeader=true&isNewWindow=false&sourceUrl=https%3A%2F%2Fsmartstore.naver.com%2Fmain%2Fproducts%2F8529295875&tr=lim&externalServiceId=shoppinglive&returnParams=%7B%7D
DP_144,덴프스 휘게엔자임 액티브 Soy 3개월/3BOX,https://product.shoppinglive.naver.com/bridge/v4/product/shopping?broadcastId=1443792&channelProductNo=8278946726&hasHeader=true&isNewWindow=false&sourceUrl=https%3A%2F%2Fsmartstore.naver.com%2Fmain%2Fproducts%2F8278946726&tr=lim&externalServiceId=shoppinglive&returnParams=%7B%7D
DP_145,덴프스 트루바이타민 구미 2PACK/4주분,https://product.shoppinglive.naver.com/bridge/v4/product/shopping?broadcastId=1443792&channelProductNo=8467133706&hasHeader=true&isNewWindow=false&sourceUrl=https%3A%2F%2Fsmartstore.naver.com%2Fmain%2Fproducts%2F8467133706&tr=lim&externalServiceId=shoppinglive&returnParams=%7B%7D
DP_146,"트루바이타민 30포, 4개",https://product.shoppinglive.naver.com/bridge/v4/product/shopping?broadcastId=1443792&channelProductNo=2008612801&hasHeader=true&isNewWindow=false&sourceUrl=https%3A%2F%2Fsmartstore.naver.com%2Fmain%2Fproducts%2F2008612801&tr=lim&externalServiceId=shoppinglive&returnParams=%7B%7D
DP_147,"철분 헤모케어 30포, 4개",https://product.shoppinglive.naver.com/bridge/v4/product/shopping?broadcastId=1443792&channelProductNo=10867275853&hasHeader=true&isNewWindow=false&sourceUrl=https%3A%2F%2Fsmartstore.naver.com%2Fmain%2Fproducts%2F10867275853&tr=lim&externalServiceId=shoppinglive&returnParams=%7B%7D
DP_148,"트루바이타민 키즈 30포, 4개",https://product.shoppinglive.naver.com/bridge/v4/product/shopping?broadcastId=1443792&channelProductNo=8529395755&hasHeader=true&isNewWindow=false&sourceUrl=https%3A%2F%2Fsmartstore.naver.com%2Fmain%2Fproducts%2F8529395755&tr=lim&externalServiceId=shoppinglive&returnParams=%7B%7D
DP_149,"식물성알티지오메가3 아이케어 60캡슐, 2개",https://product.shoppinglive.naver.com/bridge/v4/product/shopping?broadcastId=1443792&channelProductNo=9057215042&hasHeader=true&isNewWindow=false&sourceUrl=https%3A%2F%2Fsmartstore.naver.com%2Fmain%2Fproducts%2F9057215042&tr=lim&externalServiceId=shoppinglive&returnParams=%7B%7D
DP_150,(용량변경으로 판매x) 덴프스 트루바이타민 부스터(7개입) / 1BOX,https://product.shoppinglive.naver.com/bridge/v4/product/shopping?broadcastId=758541&channelProductNo=7698360689&hasHeader=true&isNewWindow=false&sourceUrl=https%3A%2F%2Fsmartstore.naver.com%2Fmain%2Fproducts%2F7698360689&tr=lim&externalServiceId=shoppinglive&returnParams=%7B%7D
DP_151,(단종)어린콜라겐 이너씰 4+4box (총 16주분),https://product.shoppinglive.naver.com/bridge/v4/product/shopping?broadcastId=103352&channelProductNo=5492349738&hasHeader=true&isNewWindow=false&sourceUrl=https%3A%2F%2Fsmartstore.naver.com%2Fmain%2Fproducts%2F5492349738&tr=lim&externalServiceId=shoppinglive&returnParams=%7B%7D
DP_152,(단종)어린콜라겐 이너씰 2주분/1BOX,https://product.shoppinglive.naver.com/bridge/v4/product/shopping?broadcastId=103352&channelProductNo=4793986653&hasHeader=true&isNewWindow=false&sourceUrl=https%3A%2F%2Fsmartstore.naver.com%2Fmain%2Fproducts%2F4793986653&tr=lim&externalServiceId=shoppinglive&returnParams=%7B%7D
DP_153,"덴프스 덴마크 유산균이야기 프로 60캡슐, 3개",https://product.shoppinglive.naver.com/bridge/v4/product/shopping?broadcastId=1592857&channelProductNo=7926638485&hasHeader=true&isNewWindow=false&sourceUrl=https%3A%2F%2Fsmartstore.naver.com%2Fmain%2Fproducts%2F7926638485&tr=lim&externalServiceId=shoppinglive&returnParams=%7B%7D
DP_154,"덴마크 단백질이야기 320g, 2개",https://product.shoppinglive.naver.com/bridge/v4/product/shopping?broadcastId=1592857&channelProductNo=10939826214&hasHeader=true&isNewWindow=false&sourceUrl=https%3A%2F%2Fsmartstore.naver.com%2Fmain%2Fproducts%2F10939826214&tr=lim&externalServiceId=shoppinglive&returnParams=%7B%7D
DP_155,"트루바이타민 Booster UP 7개입, 2개",https://product.shoppinglive.naver.com/bridge/v4/product/shopping?broadcastId=1592857&channelProductNo=11047846583&hasHeader=true&isNewWindow=false&sourceUrl=https%3A%2F%2Fsmartstore.naver.com%2Fmain%2Fproducts%2F11047846583&tr=lim&externalServiceId=shoppinglive&returnParams=%7B%7D
DP_156,"덴프스 루테인 지아잔틴 MAX 30캡슐, 2개",https://product.shoppinglive.naver.com/bridge/v4/product/shopping?broadcastId=1592857&channelProductNo=5539114702&hasHeader=true&isNewWindow=false&sourceUrl=https%3A%2F%2Fsmartstore.naver.com%2Fmain%2Fproducts%2F5539114702&tr=lim&externalServiceId=shoppinglive&returnParams=%7B%7D
DP_157,"덴마크 유산균이야기 더마 28캡슐, 2개",https://product.shoppinglive.naver.com/bridge/v4/product/shopping?broadcastId=1713193&channelProductNo=12172700875&hasHeader=true&isNewWindow=false&sourceUrl=https%3A%2F%2Fsmartstore.naver.com%2Fmain%2Fproducts%2F12172700875&tr=lim&externalServiceId=shoppinglive&returnParams=%7B%7D
DP_158,"덴마크 유산균이야기 덴티 자일리톨 30캡슐, 2개",https://product.shoppinglive.naver.com/bridge/v4/product/shopping?broadcastId=1713193&channelProductNo=11901425125&hasHeader=true&isNewWindow=false&sourceUrl=https%3A%2F%2Fsmartstore.naver.com%2Fmain%2Fproducts%2F11901425125&tr=lim&externalServiceId=shoppinglive&returnParams=%7B%7D
DP_159,"덴마크 유산균이야기 프로 60캡슐, 4개",https://product.shoppinglive.naver.com/bridge/v4/product/shopping?broadcastId=1713193&channelProductNo=11745919691&hasHeader=true&isNewWindow=false&sourceUrl=https%3A%2F%2Fsmartstore.naver.com%2Fmain%2Fproducts%2F11745919691&tr=lim&externalServiceId=shoppinglive&returnParams=%7B%7D
DP_160,"덴마크 유산균이야기 더마 28캡슐, 3개",https://product.shoppinglive.naver.com/bridge/v4/product/shopping?broadcastId=1713193&channelProductNo=12172700877&hasHeader=true&isNewWindow=false&sourceUrl=https%3A%2F%2Fsmartstore.naver.com%2Fmain%2Fproducts%2F12172700877&tr=lim&externalServiceId=shoppinglive&returnParams=%7B%7D
DP_161,덴프스 혈당케어 프로 3박스/6개월분,https://product.shoppinglive.naver.com/bridge/v4/product/shopping?broadcastId=1713193&channelProductNo=8553863201&hasHeader=true&isNewWindow=false&sourceUrl=https%3A%2F%2Fsmartstore.naver.com%2Fmain%2Fproducts%2F8553863201&tr=lim&externalServiceId=shoppinglive&returnParams=%7B%7D
DP_162,"덴마크 유산균이야기 50캡슐, 1개",https://product.shoppinglive.naver.com/bridge/v4/product/shopping?broadcastId=1713193&channelProductNo=11563542506&hasHeader=true&isNewWindow=false&sourceUrl=https%3A%2F%2Fsmartstore.naver.com%2Fmain%2Fproducts%2F11563542506&tr=lim&externalServiceId=shoppinglive&returnParams=%7B%7D
DP_163,"덴프스 덴마크 유산균이야기 다이어트 28캡슐, 1개",https://product.shoppinglive.naver.com/bridge/v4/product/shopping?broadcastId=1713193&channelProductNo=9255450062&hasHeader=true&isNewWindow=false&sourceUrl=https%3A%2F%2Fsmartstore.naver.com%2Fmain%2Fproducts%2F9255450062&tr=lim&externalServiceId=shoppinglive&returnParams=%7B%7D
DP_164,"덴마크 유산균이야기 덴티 자일리톨 30캡슐, 3개",https://product.shoppinglive.naver.com/bridge/v4/product/shopping?broadcastId=1713193&channelProductNo=11901426267&hasHeader=true&isNewWindow=false&sourceUrl=https%3A%2F%2Fsmartstore.naver.com%2Fmain%2Fproducts%2F11901426267&tr=lim&externalServiceId=shoppinglive&returnParams=%7B%7D
DP_165,[특선물] [선물세트] 덴마크 유산균이야기 프로 3박스/6개월,https://product.shoppinglive.naver.com/bridge/v4/product/shopping?broadcastId=1713193&channelProductNo=12280130178&hasHeader=true&isNewWindow=false&sourceUrl=https%3A%2F%2Fsmartstore.naver.com%2Fmain%2Fproducts%2F12280130178&tr=lim&externalServiceId=shoppinglive&returnParams=%7B%7D
DP_166,[선물세트] 덴마크 유산균이야기 우먼 3박스/6개월,https://product.shoppinglive.naver.com/bridge/v4/product/shopping?broadcastId=1713193&channelProductNo=12343601138&hasHeader=true&isNewWindow=false&sourceUrl=https%3A%2F%2Fsmartstore.naver.com%2Fmain%2Fproducts%2F12343601138&tr=lim&externalServiceId=shoppinglive&returnParams=%7B%7D
DP_167,"덴프스 루테인 지아잔틴 MAX 30캡슐, 4개",https://product.shoppinglive.naver.com/bridge/v4/product/shopping?broadcastId=1713193&channelProductNo=10483495104&hasHeader=true&isNewWindow=false&sourceUrl=https%3A%2F%2Fsmartstore.naver.com%2Fmain%2Fproducts%2F10483495104&tr=lim&externalServiceId=shoppinglive&returnParams=%7B%7D
DP_168,덴프스 비타민D 츄어블4000IU 6박스/총 12개월분,https://product.shoppinglive.naver.com/bridge/v4/product/shopping?broadcastId=1155296&channelProductNo=9434793856&hasHeader=true&isNewWindow=false&sourceUrl=https%3A%2F%2Fsmartstore.naver.com%2Fmain%2Fproducts%2F9434793856&tr=lim&externalServiceId=shoppinglive&returnParams=%7B%7D
DP_169,(단종)트루바이타민 츄어블D 4개월/2BOX,https://product.shoppinglive.naver.com/bridge/v4/product/shopping?broadcastId=823007&channelProductNo=5502689917&hasHeader=true&isNewWindow=false&sourceUrl=https%3A%2F%2Fsmartstore.naver.com%2Fmain%2Fproducts%2F5502689917&tr=lim&externalServiceId=shoppinglive&returnParams=%7B%7D
DP_170,"덴마크 유산균이야기 덴티 사과 30캡슐, 3개",https://product.shoppinglive.naver.com/bridge/v4/product/shopping?broadcastId=1713194&channelProductNo=11901298532&hasHeader=true&isNewWindow=false&sourceUrl=https%3A%2F%2Fsmartstore.naver.com%2Fmain%2Fproducts%2F11901298532&tr=lim&externalServiceId=shoppinglive&returnParams=%7B%7D
DP_171,덴프스 덴마크 유산균이야기 베베D 1박스/1개월,https://product.shoppinglive.naver.com/bridge/v4/product/shopping?broadcastId=1713194&channelProductNo=5694474674&hasHeader=true&isNewWindow=false&sourceUrl=https%3A%2F%2Fsmartstore.naver.com%2Fmain%2Fproducts%2F5694474674&tr=lim&externalServiceId=shoppinglive&returnParams=%7B%7D
DP_172,"덴프스 덴마크 유산균이야기 베이직 30포, 2개",https://product.shoppinglive.naver.com/bridge/v4/product/shopping?broadcastId=1231329&channelProductNo=7292121183&hasHeader=true&isNewWindow=false&sourceUrl=https%3A%2F%2Fsmartstore.naver.com%2Fmain%2Fproducts%2F7292121183&tr=lim&externalServiceId=shoppinglive&returnParams=%7B%7D
DP_173,"덴마크 유산균이야기 우먼 60캡슐, 4개",https://product.shoppinglive.naver.com/bridge/v4/product/shopping?broadcastId=1746863&channelProductNo=9182945385&hasHeader=true&isNewWindow=false&sourceUrl=https%3A%2F%2Fsmartstore.naver.com%2Fmain%2Fproducts%2F9182945385&externalServiceId=shoppinglive&returnParams=%7B%7D&tr=lim
DP_174,"덴마크 유산균이야기 다이어트 28캡슐, 4개",https://product.shoppinglive.naver.com/bridge/v4/product/shopping?broadcastId=1746863&channelProductNo=10385801886&hasHeader=true&isNewWindow=false&sourceUrl=https%3A%2F%2Fsmartstore.naver.com%2Fmain%2Fproducts%2F10385801886&externalServiceId=shoppinglive&returnParams=%7B%7D&tr=lim
DP_175,"덴마크 유산균이야기 더마 28캡슐, 4개",https://product.shoppinglive.naver.com/bridge/v4/product/shopping?broadcastId=1746863&channelProductNo=12172700879&hasHeader=true&isNewWindow=false&sourceUrl=https%3A%2F%2Fsmartstore.naver.com%2Fmain%2Fproducts%2F12172700879&externalServiceId=shoppinglive&returnParams=%7B%7D&tr=lim
DP_176,"덴프스 밀크씨슬 리버케어 60캡슐, 6개",https://product.shoppinglive.naver.com/bridge/v4/product/shopping?broadcastId=348774&channelProductNo=5965305367&hasHeader=true&isNewWindow=false&sourceUrl=https%3A%2F%2Fsmartstore.naver.com%2Fmain%2Fproducts%2F5965305367&tr=lim&externalServiceId=shoppinglive&returnParams=%7B%7D
DP_177,(단종)어골칼슘 프리미엄 6개월/6BOX,https://product.shoppinglive.naver.com/bridge/v4/product/shopping?broadcastId=348774&channelProductNo=5892763446&hasHeader=true&isNewWindow=false&sourceUrl=https%3A%2F%2Fsmartstore.naver.com%2Fmain%2Fproducts%2F5892763446&tr=lim&externalServiceId=shoppinglive&returnParams=%7B%7D
DP_178,(단종)수면이야기 락티움 6개월/6BOX,https://product.shoppinglive.naver.com/bridge/v4/product/shopping?broadcastId=619311&channelProductNo=5985460935&hasHeader=true&isNewWindow=false&sourceUrl=https%3A%2F%2Fsmartstore.naver.com%2Fmain%2Fproducts%2F5985460935&tr=lim&externalServiceId=shoppinglive&returnParams=%7B%7D
DP_179,"덴마크 유산균이야기 50캡슐, 5개",https://product.shoppinglive.naver.com/bridge/v4/product/shopping?broadcastId=1598480&channelProductNo=11563936333&hasHeader=true&isNewWindow=false&sourceUrl=https%3A%2F%2Fsmartstore.naver.com%2Fmain%2Fproducts%2F11563936333&tr=lim&externalServiceId=shoppinglive&returnParams=%7B%7D
DP_180,"덴마크 유산균이야기 50캡슐, 2개",https://product.shoppinglive.naver.com/bridge/v4/product/shopping?broadcastId=1598480&channelProductNo=11563675984&hasHeader=true&isNewWindow=false&sourceUrl=https%3A%2F%2Fsmartstore.naver.com%2Fmain%2Fproducts%2F11563675984&tr=lim&externalServiceId=shoppinglive&returnParams=%7B%7D
DP_181,"콜라겐 스킨부스터 14포, 2개",https://product.shoppinglive.naver.com/bridge/v4/product/shopping?broadcastId=1598480&channelProductNo=10208478978&hasHeader=true&isNewWindow=false&sourceUrl=https%3A%2F%2Fsmartstore.naver.com%2Fmain%2Fproducts%2F10208478978&tr=lim&externalServiceId=shoppinglive&returnParams=%7B%7D
DP_182,"트루바이타민 키즈 면역젤리 14포, 3개",https://product.shoppinglive.naver.com/bridge/v4/product/shopping?broadcastId=1292346&channelProductNo=10129955617&hasHeader=true&isNewWindow=false&sourceUrl=https%3A%2F%2Fsmartstore.naver.com%2Fmain%2Fproducts%2F10129955617&tr=lim&externalServiceId=shoppinglive&returnParams=%7B%7D
DP_183,"트루바이타민 Booster UP 7개입, 3개",https://product.shoppinglive.naver.com/bridge/v4/product/shopping?broadcastId=1734889&channelProductNo=11047850148&hasHeader=true&isNewWindow=false&sourceUrl=https%3A%2F%2Fsmartstore.naver.com%2Fmain%2Fproducts%2F11047850148&externalServiceId=shoppinglive&returnParams=%7B%7D&tr=lim
DP_184,"덴마크 단백질이야기 320g, 3개",https://product.shoppinglive.naver.com/bridge/v4/product/shopping?broadcastId=1734889&channelProductNo=10939828130&hasHeader=true&isNewWindow=false&sourceUrl=https%3A%2F%2Fsmartstore.naver.com%2Fmain%2Fproducts%2F10939828130&externalServiceId=shoppinglive&returnParams=%7B%7D&tr=lim
DP_185,"덴프스 식물성 rTG 오메가3 30캡슐, 4개",https://product.shoppinglive.naver.com/bridge/v4/product/shopping?broadcastId=1734889&channelProductNo=9653589855&hasHeader=true&isNewWindow=false&sourceUrl=https%3A%2F%2Fsmartstore.naver.com%2Fmain%2Fproducts%2F9653589855&externalServiceId=shoppinglive&returnParams=%7B%7D&tr=lim
DP_186,BG 덴프스 덴마크 유산균이야기 1박스/1개월,https://product.shoppinglive.naver.com/bridge/v4/product/shopping?broadcastId=1734889&channelProductNo=6174210438&hasHeader=true&isNewWindow=false&sourceUrl=https%3A%2F%2Fsmartstore.naver.com%2Fmain%2Fproducts%2F6174210438&externalServiceId=shoppinglive&returnParams=%7B%7D&tr=lim
DP_187,(단종)수면이야기 락티움 3BOX/총 3개월,https://product.shoppinglive.naver.com/bridge/v4/product/shopping?broadcastId=619312&channelProductNo=5811313984&hasHeader=true&isNewWindow=false&sourceUrl=https%3A%2F%2Fsmartstore.naver.com%2Fmain%2Fproducts%2F5811313984&tr=lim&externalServiceId=shoppinglive&returnParams=%7B%7D
DP_188,덴프스 프리바이오틱스 이뮨 1개월/1BOX,https://product.shoppinglive.naver.com/bridge/v4/product/shopping?broadcastId=836136&channelProductNo=4352368496&hasHeader=true&isNewWindow=false&sourceUrl=https%3A%2F%2Fsmartstore.naver.com%2Fmain%2Fproducts%2F4352368496&tr=lim&externalServiceId=shoppinglive&returnParams=%7B%7D
DP_189,프로틴바 액티브 36개입/3BOX,https://product.shoppinglive.naver.com/bridge/v4/product/shopping?broadcastId=907835&channelProductNo=8321010705&hasHeader=true&isNewWindow=false&sourceUrl=https%3A%2F%2Fsmartstore.naver.com%2Fmain%2Fproducts%2F8321010705&tr=lim&externalServiceId=shoppinglive&returnParams=%7B%7D
DP_190,"휘게 비움라인 효소 30포, 3개",https://product.shoppinglive.naver.com/bridge/v4/product/shopping?broadcastId=1592750&channelProductNo=11520172168&hasHeader=true&isNewWindow=false&sourceUrl=https%3A%2F%2Fsmartstore.naver.com%2Fmain%2Fproducts%2F11520172168&tr=lim&externalServiceId=shoppinglive&returnParams=%7B%7D
DP_191,덴프스 화이트필 정 8주분/2BOX,https://product.shoppinglive.naver.com/bridge/v4/product/shopping?broadcastId=1592750&channelProductNo=11610944377&hasHeader=true&isNewWindow=false&sourceUrl=https%3A%2F%2Fsmartstore.naver.com%2Fmain%2Fproducts%2F11610944377&tr=lim&externalServiceId=shoppinglive&returnParams=%7B%7D
DP_192,"밀크씨슬 리버케어 30정, 4개",https://product.shoppinglive.naver.com/bridge/v4/product/shopping?broadcastId=1592750&channelProductNo=11442642668&hasHeader=true&isNewWindow=false&sourceUrl=https%3A%2F%2Fsmartstore.naver.com%2Fmain%2Fproducts%2F11442642668&tr=lim&externalServiceId=shoppinglive&returnParams=%7B%7D
DP_193,[선물세트] 트루바이타민I 6개월/6BOX+쇼핑백,https://product.shoppinglive.naver.com/bridge/v4/product/shopping?broadcastId=635774&channelProductNo=7091629320&hasHeader=true&isNewWindow=false&sourceUrl=https%3A%2F%2Fsmartstore.naver.com%2Fmain%2Fproducts%2F7091629320&tr=lim&externalServiceId=shoppinglive&returnParams=%7B%7D
DP_194,[선물세트] 베타글루칸 면역채움 6개월분+쇼핑백,https://product.shoppinglive.naver.com/bridge/v4/product/shopping?broadcastId=635774&channelProductNo=6581523004&hasHeader=true&isNewWindow=false&sourceUrl=https%3A%2F%2Fsmartstore.naver.com%2Fmain%2Fproducts%2F6581523004&tr=lim&externalServiceId=shoppinglive&returnParams=%7B%7D
DP_195,덴프스 프리바이오틱스 이뮨 12개월/12BOX,https://product.shoppinglive.naver.com/bridge/v4/product/shopping?broadcastId=1061018&channelProductNo=4352395507&hasHeader=true&isNewWindow=false&sourceUrl=https%3A%2F%2Fsmartstore.naver.com%2Fmain%2Fproducts%2F4352395507&tr=lim&externalServiceId=shoppinglive&returnParams=%7B%7D
DP_196,덴프스 덴마크 프로틴밀 4BOX/28개입,https://product.shoppinglive.naver.com/bridge/v4/product/shopping?broadcastId=1060993&channelProductNo=8967939812&hasHeader=true&isNewWindow=false&sourceUrl=https%3A%2F%2Fsmartstore.naver.com%2Fmain%2Fproducts%2F8967939812&tr=lim&externalServiceId=shoppinglive&returnParams=%7B%7D
DP_197,덴프스 덴마크 프로틴밀 1BOX/7개입,https://product.shoppinglive.naver.com/bridge/v4/product/shopping?broadcastId=1060993&channelProductNo=8967898245&hasHeader=true&isNewWindow=false&sourceUrl=https%3A%2F%2Fsmartstore.naver.com%2Fmain%2Fproducts%2F8967898245&tr=lim&externalServiceId=shoppinglive&returnParams=%7B%7D
DP_198,덴프스 휘게클렌즈 화이버 6주분/3BOX,https://product.shoppinglive.naver.com/bridge/v4/product/shopping?broadcastId=1060993&channelProductNo=8321164410&hasHeader=true&isNewWindow=false&sourceUrl=https%3A%2F%2Fsmartstore.naver.com%2Fmain%2Fproducts%2F8321164410&tr=lim&externalServiceId=shoppinglive&returnParams=%7B%7D
DP_199,덴프스 혈당케어 프로 1박스/2개월분,https://product.shoppinglive.naver.com/bridge/v4/product/shopping?broadcastId=1464770&channelProductNo=8553847962&hasHeader=true&isNewWindow=false&sourceUrl=https%3A%2F%2Fsmartstore.naver.com%2Fmain%2Fproducts%2F8553847962&tr=lim&externalServiceId=shoppinglive&returnParams=%7B%7D
DP_200,선착순 100개 한정 헬리녹스X덴프스 프로바이오틱스 컬렉션,https://product.shoppinglive.naver.com/bridge/v4/product/shopping?broadcastId=1401988&channelProductNo=10422929757&hasHeader=true&isNewWindow=false&sourceUrl=https%3A%2F%2Fsmartstore.naver.com%2Fmain%2Fproducts%2F10422929757&tr=lim&externalServiceId=shoppinglive&returnParams=%7B%7D
DP_201,"식물성 rTG 오메가3 30캡슐, 6개",https://product.shoppinglive.naver.com/bridge/v4/product/shopping?broadcastId=1544454&channelProductNo=11237465004&hasHeader=true&isNewWindow=false&sourceUrl=https%3A%2F%2Fsmartstore.naver.com%2Fmain%2Fproducts%2F11237465004&tr=lim&externalServiceId=shoppinglive&returnParams=%7B%7D
DP_202,"덴프스 식물성 rTG 오메가3 30캡슐, 3개",https://product.shoppinglive.naver.com/bridge/v4/product/shopping?broadcastId=1544454&channelProductNo=9649187986&hasHeader=true&isNewWindow=false&sourceUrl=https%3A%2F%2Fsmartstore.naver.com%2Fmain%2Fproducts%2F9649187986&tr=lim&externalServiceId=shoppinglive&returnParams=%7B%7D
DP_203,덴프스 유산균이야기 2박스/4개월분 + 트루바이타민 액티브 2박스/2개월분,https://product.shoppinglive.naver.com/bridge/v4/product/shopping?broadcastId=1564901&channelProductNo=11035555776&hasHeader=true&isNewWindow=false&sourceUrl=https%3A%2F%2Fsmartstore.naver.com%2Fmain%2Fproducts%2F11035555776&tr=lim&externalServiceId=shoppinglive&returnParams=%7B%7D
DP_204,덴프스 유산균이야기 1박스/2개월분 + 트루바이타민 액티브 1박스/1개월분 + 브랜드쇼핑백,https://product.shoppinglive.naver.com/bridge/v4/product/shopping?broadcastId=1564901&channelProductNo=11035551135&hasHeader=true&isNewWindow=false&sourceUrl=https%3A%2F%2Fsmartstore.naver.com%2Fmain%2Fproducts%2F11035551135&tr=lim&externalServiceId=shoppinglive&returnParams=%7B%7D
DP_205,덴프스 혈당케어 프로 4박스/8개월분,https://product.shoppinglive.naver.com/bridge/v4/product/shopping?broadcastId=1564901&channelProductNo=8816204188&hasHeader=true&isNewWindow=false&sourceUrl=https%3A%2F%2Fsmartstore.naver.com%2Fmain%2Fproducts%2F8816204188&tr=lim&externalServiceId=shoppinglive&returnParams=%7B%7D
DP_206,덴프스 트루바이타민 액티브 8박스/8개월,https://product.shoppinglive.naver.com/bridge/v4/product/shopping?broadcastId=1564901&channelProductNo=11554754298&hasHeader=true&isNewWindow=false&sourceUrl=https%3A%2F%2Fsmartstore.naver.com%2Fmain%2Fproducts%2F11554754298&tr=lim&externalServiceId=shoppinglive&returnParams=%7B%7D
DP_207,"덴프스 비타민C 바이탈 30포, 2개",https://product.shoppinglive.naver.com/bridge/v4/product/shopping?broadcastId=1689200&channelProductNo=7926388320&hasHeader=true&isNewWindow=false&sourceUrl=https%3A%2F%2Fsmartstore.naver.com%2Fmain%2Fproducts%2F7926388320&tr=lim&externalServiceId=shoppinglive&returnParams=%7B%7D
DP_208,(단종)수면이야기 락티움 1개월/1BOX,https://product.shoppinglive.naver.com/bridge/v4/product/shopping?broadcastId=718955&channelProductNo=5083242511&hasHeader=true&isNewWindow=false&sourceUrl=https%3A%2F%2Fsmartstore.naver.com%2Fmain%2Fproducts%2F5083242511&tr=lim&externalServiceId=shoppinglive&returnParams=%7B%7D
DP_209,덴프스 백수오 프리미엄 진 1개월/1BOX,https://product.shoppinglive.naver.com/bridge/v4/product/shopping?broadcastId=1480379&channelProductNo=6103359168&hasHeader=true&isNewWindow=false&sourceUrl=https%3A%2F%2Fsmartstore.naver.com%2Fmain%2Fproducts%2F6103359168&tr=lim&externalServiceId=shoppinglive&returnParams=%7B%7D
DP_210,덴프스 트루바이타민 액티브 6박스/6개월분,https://product.shoppinglive.naver.com/bridge/v4/product/shopping?broadcastId=1480379&channelProductNo=11047535027&hasHeader=true&isNewWindow=false&sourceUrl=https%3A%2F%2Fsmartstore.naver.com%2Fmain%2Fproducts%2F11047535027&tr=lim&externalServiceId=shoppinglive&returnParams=%7B%7D
DP_211,덴프스 트루바이타민 액티브 12박스/12개월,https://product.shoppinglive.naver.com/bridge/v4/product/shopping?broadcastId=1480379&channelProductNo=11012890048&hasHeader=true&isNewWindow=false&sourceUrl=https%3A%2F%2Fsmartstore.naver.com%2Fmain%2Fproducts%2F11012890048&tr=lim&externalServiceId=shoppinglive&returnParams=%7B%7D
DP_212,"덴마크 유산균이야기 60캡슐, 12개",https://product.shoppinglive.naver.com/bridge/v4/product/shopping?broadcastId=1480379&channelProductNo=11092268976&hasHeader=true&isNewWindow=false&sourceUrl=https%3A%2F%2Fsmartstore.naver.com%2Fmain%2Fproducts%2F11092268976&tr=lim&externalServiceId=shoppinglive&returnParams=%7B%7D
DP_213,(용량변경으로 판매x) 덴프스 트루바이타민 부스터(7개입) 6B,https://product.shoppinglive.naver.com/bridge/v4/product/shopping?broadcastId=1351204&channelProductNo=10534669141&hasHeader=true&isNewWindow=false&sourceUrl=https%3A%2F%2Fsmartstore.naver.com%2Fmain%2Fproducts%2F10534669141&tr=lim&externalServiceId=shoppinglive&returnParams=%7B%7D
DP_214,"덴프스 덴마크 유산균이야기 3개월/(30캡슐, 3BOX)",https://product.shoppinglive.naver.com/bridge/v4/product/shopping?broadcastId=1351204&channelProductNo=6211770007&hasHeader=true&isNewWindow=false&sourceUrl=https%3A%2F%2Fsmartstore.naver.com%2Fmain%2Fproducts%2F6211770007&tr=lim&externalServiceId=shoppinglive&returnParams=%7B%7D
DP_215,[사용x] 베타글루칸 면역채움 1개월분,https://product.shoppinglive.naver.com/bridge/v4/product/shopping?broadcastId=1419656&channelProductNo=5400728265&hasHeader=true&isNewWindow=false&sourceUrl=https%3A%2F%2Fsmartstore.naver.com%2Fmain%2Fproducts%2F5400728265&tr=lim&externalServiceId=shoppinglive&returnParams=%7B%7D
DP_216,덴프스 크랜베리 우먼 1개월/1BOX,https://product.shoppinglive.naver.com/bridge/v4/product/shopping?broadcastId=1419656&channelProductNo=8607205775&hasHeader=true&isNewWindow=false&sourceUrl=https%3A%2F%2Fsmartstore.naver.com%2Fmain%2Fproducts%2F8607205775&tr=lim&externalServiceId=shoppinglive&returnParams=%7B%7D
DP_217,"덴프스 칼슘 본케어 30포, 1개",https://product.shoppinglive.naver.com/bridge/v4/product/shopping?broadcastId=1419656&channelProductNo=8495163123&hasHeader=true&isNewWindow=false&sourceUrl=https%3A%2F%2Fsmartstore.naver.com%2Fmain%2Fproducts%2F8495163123&tr=lim&externalServiceId=shoppinglive&returnParams=%7B%7D
DP_218,"덴프스 철분 헤모케어 30포, 1개",https://product.shoppinglive.naver.com/bridge/v4/product/shopping?broadcastId=1419656&channelProductNo=8064071822&hasHeader=true&isNewWindow=false&sourceUrl=https%3A%2F%2Fsmartstore.naver.com%2Fmain%2Fproducts%2F8064071822&tr=lim&externalServiceId=shoppinglive&returnParams=%7B%7D
DP_219,덴프스 로디올라 스트레스케어 1개월분/1BOX,https://product.shoppinglive.naver.com/bridge/v4/product/shopping?broadcastId=1419656&channelProductNo=9183028574&hasHeader=true&isNewWindow=false&sourceUrl=https%3A%2F%2Fsmartstore.naver.com%2Fmain%2Fproducts%2F9183028574&tr=lim&externalServiceId=shoppinglive&returnParams=%7B%7D
DP_220,"덴프스 칼슘 본케어 30포, 3개",https://product.shoppinglive.naver.com/bridge/v4/product/shopping?broadcastId=979737&channelProductNo=8495207616&hasHeader=true&isNewWindow=false&sourceUrl=https%3A%2F%2Fsmartstore.naver.com%2Fmain%2Fproducts%2F8495207616&tr=lim&externalServiceId=shoppinglive&returnParams=%7B%7D
DP_221,"밀크씨슬 리버케어 30정, 3개",https://product.shoppinglive.naver.com/bridge/v4/product/shopping?broadcastId=1689198&channelProductNo=11442639189&hasHeader=true&isNewWindow=false&sourceUrl=https%3A%2F%2Fsmartstore.naver.com%2Fmain%2Fproducts%2F11442639189&tr=lim&externalServiceId=shoppinglive&returnParams=%7B%7D
DP_222,덴마크 유산균이야기 1박스/1개월 + 덴마크 유산균이야기 덴티 사과 1박스/1개월,https://product.shoppinglive.naver.com/bridge/v4/product/shopping?broadcastId=1689198&channelProductNo=12137765528&hasHeader=true&isNewWindow=false&sourceUrl=https%3A%2F%2Fsmartstore.naver.com%2Fmain%2Fproducts%2F12137765528&tr=lim&externalServiceId=shoppinglive&returnParams=%7B%7D
DP_223,덴마크 유산균이야기 프로 1박스/2개월 + 덴마크 유산균이야기 다이어트 2박스/2개월,https://product.shoppinglive.naver.com/bridge/v4/product/shopping?broadcastId=1689198&channelProductNo=12137799277&hasHeader=true&isNewWindow=false&sourceUrl=https%3A%2F%2Fsmartstore.naver.com%2Fmain%2Fproducts%2F12137799277&tr=lim&externalServiceId=shoppinglive&returnParams=%7B%7D
DP_224,"덴마크 유산균이야기 우먼 30캡슐, 1개",https://product.shoppinglive.naver.com/bridge/v4/product/shopping?broadcastId=1689198&channelProductNo=11302624581&hasHeader=true&isNewWindow=false&sourceUrl=https%3A%2F%2Fsmartstore.naver.com%2Fmain%2Fproducts%2F11302624581&tr=lim&externalServiceId=shoppinglive&returnParams=%7B%7D
DP_225,"비타민C 바이탈 30포, 4개",https://product.shoppinglive.naver.com/bridge/v4/product/shopping?broadcastId=1689198&channelProductNo=11939019821&hasHeader=true&isNewWindow=false&sourceUrl=https%3A%2F%2Fsmartstore.naver.com%2Fmain%2Fproducts%2F11939019821&tr=lim&externalServiceId=shoppinglive&returnParams=%7B%7D
DP_226,덴프스 휘게엔자임 액티브 Soy 4개월/4BOX,https://product.shoppinglive.naver.com/bridge/v4/product/shopping?broadcastId=1689198&channelProductNo=11361142750&hasHeader=true&isNewWindow=false&sourceUrl=https%3A%2F%2Fsmartstore.naver.com%2Fmain%2Fproducts%2F11361142750&tr=lim&externalServiceId=shoppinglive&returnParams=%7B%7D
DP_227,덴프스 이노시톨 우먼 3개월/3BOX,https://product.shoppinglive.naver.com/bridge/v4/product/shopping?broadcastId=1231335&channelProductNo=8596877669&hasHeader=true&isNewWindow=false&sourceUrl=https%3A%2F%2Fsmartstore.naver.com%2Fmain%2Fproducts%2F8596877669&tr=lim&externalServiceId=shoppinglive&returnParams=%7B%7D
DP_228,[네이버포인트 5000원 페이백] BG 덴마크 유산균이야기 6개월 + 유산균이야기 우먼 6개월 선물세트+쇼핑백,https://product.shoppinglive.naver.com/bridge/v4/product/shopping?broadcastId=1443790&channelProductNo=10802490581&hasHeader=true&isNewWindow=false&sourceUrl=https%3A%2F%2Fsmartstore.naver.com%2Fmain%2Fproducts%2F10802490581&tr=lim&externalServiceId=shoppinglive&returnParams=%7B%7D
DP_229,"콜라겐 스킨부스터 14포, 3개",https://product.shoppinglive.naver.com/bridge/v4/product/shopping?broadcastId=1464552&channelProductNo=10208484811&hasHeader=true&isNewWindow=false&sourceUrl=https%3A%2F%2Fsmartstore.naver.com%2Fmain%2Fproducts%2F10208484811&tr=lim&externalServiceId=shoppinglive&returnParams=%7B%7D
DP_230,덴프스 혈당케어 슬림 3개월/1BOX,https://product.shoppinglive.naver.com/bridge/v4/product/shopping?broadcastId=1464552&channelProductNo=10508972506&hasHeader=true&isNewWindow=false&sourceUrl=https%3A%2F%2Fsmartstore.naver.com%2Fmain%2Fproducts%2F10508972506&tr=lim&externalServiceId=shoppinglive&returnParams=%7B%7D
DP_231,(단종)덴마크 유산균이야기 스틱 2개월/2BOX,https://product.shoppinglive.naver.com/bridge/v4/product/shopping?broadcastId=304972&channelProductNo=5300477299&hasHeader=true&isNewWindow=false&sourceUrl=https%3A%2F%2Fsmartstore.naver.com%2Fmain%2Fproducts%2F5300477299&tr=lim&externalServiceId=shoppinglive&returnParams=%7B%7D
DP_232,(복합)트루바이타민 3개월 3BOX + 트루바이타민 구미 20일분 2봉,https://product.shoppinglive.naver.com/bridge/v4/product/shopping?broadcastId=304972&channelProductNo=5846822699&hasHeader=true&isNewWindow=false&sourceUrl=https%3A%2F%2Fsmartstore.naver.com%2Fmain%2Fproducts%2F5846822699&tr=lim&externalServiceId=shoppinglive&returnParams=%7B%7D
DP_233,(단종)행복한 효소본 프리미엄 3개월/3BOX,https://product.shoppinglive.naver.com/bridge/v4/product/shopping?broadcastId=304972&channelProductNo=2050003085&hasHeader=true&isNewWindow=false&sourceUrl=https%3A%2F%2Fsmartstore.naver.com%2Fmain%2Fproducts%2F2050003085&tr=lim&externalServiceId=shoppinglive&returnParams=%7B%7D
DP_234,[공유 비타민] 덴프스 트루바이타민 12개월/12BOX,https://product.shoppinglive.naver.com/bridge/v4/product/shopping?broadcastId=304972&channelProductNo=4736182603&hasHeader=true&isNewWindow=false&sourceUrl=https%3A%2F%2Fsmartstore.naver.com%2Fmain%2Fproducts%2F4736182603&tr=lim&externalServiceId=shoppinglive&returnParams=%7B%7D
DP_235,(단종)트루바이타민 구미 6PACK/12주분(구형),https://product.shoppinglive.naver.com/bridge/v4/product/shopping?broadcastId=304972&channelProductNo=3683465528&hasHeader=true&isNewWindow=false&sourceUrl=https%3A%2F%2Fsmartstore.naver.com%2Fmain%2Fproducts%2F3683465528&tr=lim&externalServiceId=shoppinglive&returnParams=%7B%7D
DP_236,(단종)행복한 효소본 프리미엄 6개월/6BOX,https://product.shoppinglive.naver.com/bridge/v4/product/shopping?broadcastId=344433&channelProductNo=2050006563&hasHeader=true&isNewWindow=false&sourceUrl=https%3A%2F%2Fsmartstore.naver.com%2Fmain%2Fproducts%2F2050006563&tr=lim&externalServiceId=shoppinglive&returnParams=%7B%7D
DP_237,덴프스 휘게엔자임 프로 4개월/4BOX,https://product.shoppinglive.naver.com/bridge/v4/product/shopping?broadcastId=1312694&channelProductNo=8553540724&hasHeader=true&isNewWindow=false&sourceUrl=https%3A%2F%2Fsmartstore.naver.com%2Fmain%2Fproducts%2F8553540724&tr=lim&externalServiceId=shoppinglive&returnParams=%7B%7D
DP_238,"식물성알티지오메가3 아이케어 60캡슐, 4개",https://product.shoppinglive.naver.com/bridge/v4/product/shopping?broadcastId=1430716&channelProductNo=10802433697&hasHeader=true&isNewWindow=false&sourceUrl=https%3A%2F%2Fsmartstore.naver.com%2Fmain%2Fproducts%2F10802433697&tr=lim&externalServiceId=shoppinglive&returnParams=%7B%7D
DP_239,용량 UP! 트루바이타민 부스터(7개입) / 3BOX,https://product.shoppinglive.naver.com/bridge/v4/product/shopping?broadcastId=1430716&channelProductNo=10388513302&hasHeader=true&isNewWindow=false&sourceUrl=https%3A%2F%2Fsmartstore.naver.com%2Fmain%2Fproducts%2F10388513302&tr=lim&externalServiceId=shoppinglive&returnParams=%7B%7D
DP_240,덴프스 휘게클렌즈 화이버 4주분/2BOX,https://product.shoppinglive.naver.com/bridge/v4/product/shopping?broadcastId=1430716&channelProductNo=8321161540&hasHeader=true&isNewWindow=false&sourceUrl=https%3A%2F%2Fsmartstore.naver.com%2Fmain%2Fproducts%2F8321161540&tr=lim&externalServiceId=shoppinglive&returnParams=%7B%7D
DP_241,용량 UP! 트루바이타민 부스터(7개입) / 4BOX,https://product.shoppinglive.naver.com/bridge/v4/product/shopping?broadcastId=1430716&channelProductNo=10388515813&hasHeader=true&isNewWindow=false&sourceUrl=https%3A%2F%2Fsmartstore.naver.com%2Fmain%2Fproducts%2F10388515813&tr=lim&externalServiceId=shoppinglive&returnParams=%7B%7D
DP_242,"덴마크 유산균이야기 우먼 30캡슐, 6개",https://product.shoppinglive.naver.com/bridge/v4/product/shopping?broadcastId=1520370&channelProductNo=11253732160&hasHeader=true&isNewWindow=false&sourceUrl=https%3A%2F%2Fsmartstore.naver.com%2Fmain%2Fproducts%2F11253732160&tr=lim&externalServiceId=shoppinglive&returnParams=%7B%7D
DP_243,덴프스 트루바이타민 액티브 1박스/1개월,https://product.shoppinglive.naver.com/bridge/v4/product/shopping?broadcastId=1504260&channelProductNo=11012867476&hasHeader=true&isNewWindow=false&sourceUrl=https%3A%2F%2Fsmartstore.naver.com%2Fmain%2Fproducts%2F11012867476&tr=lim&externalServiceId=shoppinglive&returnParams=%7B%7D
DP_244,용량 UP! 트루바이타민 부스터(7개입) / 1BOX,https://product.shoppinglive.naver.com/bridge/v4/product/shopping?broadcastId=1443788&channelProductNo=10388495718&hasHeader=true&isNewWindow=false&sourceUrl=https%3A%2F%2Fsmartstore.naver.com%2Fmain%2Fproducts%2F10388495718&tr=lim&externalServiceId=shoppinglive&returnParams=%7B%7D
DP_245,덴프스 휘게엔자임 액티브 Soy 1B,https://product.shoppinglive.naver.com/bridge/v4/product/shopping?broadcastId=1443788&channelProductNo=10392305457&hasHeader=true&isNewWindow=false&sourceUrl=https%3A%2F%2Fsmartstore.naver.com%2Fmain%2Fproducts%2F10392305457&tr=lim&externalServiceId=shoppinglive&returnParams=%7B%7D
DP_246,덴프스 트루바이타민X 4개월,https://product.shoppinglive.naver.com/bridge/v4/product/shopping?broadcastId=1443788&channelProductNo=5914798975&hasHeader=true&isNewWindow=false&sourceUrl=https%3A%2F%2Fsmartstore.naver.com%2Fmain%2Fproducts%2F5914798975&tr=lim&externalServiceId=shoppinglive&returnParams=%7B%7D
DP_247,"덴프스 철분 서포트 60캡슐, 2개",https://product.shoppinglive.naver.com/bridge/v4/product/shopping?broadcastId=1443788&channelProductNo=8605780074&hasHeader=true&isNewWindow=false&sourceUrl=https%3A%2F%2Fsmartstore.naver.com%2Fmain%2Fproducts%2F8605780074&tr=lim&externalServiceId=shoppinglive&returnParams=%7B%7D
DP_248,(단종)[타임특가 한정수량]수면이야기 락티움 6일분,https://product.shoppinglive.naver.com/bridge/v4/product/shopping?broadcastId=597919&channelProductNo=5083251757&hasHeader=true&isNewWindow=false&sourceUrl=https%3A%2F%2Fsmartstore.naver.com%2Fmain%2Fproducts%2F5083251757&tr=lim&externalServiceId=shoppinglive&returnParams=%7B%7D
DP_249,덴프스 휘게엔자임 프로 3개월/3BOX,https://product.shoppinglive.naver.com/bridge/v4/product/shopping?broadcastId=968701&channelProductNo=8553537005&hasHeader=true&isNewWindow=false&sourceUrl=https%3A%2F%2Fsmartstore.naver.com%2Fmain%2Fproducts%2F8553537005&tr=lim&externalServiceId=shoppinglive&returnParams=%7B%7D
DP_250,덴프스 트루바이타민 구미 3PACK/6주분,https://product.shoppinglive.naver.com/bridge/v4/product/shopping?broadcastId=968701&channelProductNo=8467155391&hasHeader=true&isNewWindow=false&sourceUrl=https%3A%2F%2Fsmartstore.naver.com%2Fmain%2Fproducts%2F8467155391&tr=lim&externalServiceId=shoppinglive&returnParams=%7B%7D
DP_251,"트루바이타민 I 30포, 8개",https://product.shoppinglive.naver.com/bridge/v4/product/shopping?broadcastId=1564900&channelProductNo=11564046677&hasHeader=true&isNewWindow=false&sourceUrl=https%3A%2F%2Fsmartstore.naver.com%2Fmain%2Fproducts%2F11564046677&tr=lim&externalServiceId=shoppinglive&returnParams=%7B%7D
DP_252,덴프스 덴마크 프로틴밀 2BOX/14개입,https://product.shoppinglive.naver.com/bridge/v4/product/shopping?broadcastId=1430718&channelProductNo=8967927279&hasHeader=true&isNewWindow=false&sourceUrl=https%3A%2F%2Fsmartstore.naver.com%2Fmain%2Fproducts%2F8967927279&tr=lim&externalServiceId=shoppinglive&returnParams=%7B%7D
DP_253,"덴프스 밀크씨슬 리버케어 60캡슐, 4개",https://product.shoppinglive.naver.com/bridge/v4/product/shopping?broadcastId=1430718&channelProductNo=5965305143&hasHeader=true&isNewWindow=false&sourceUrl=https%3A%2F%2Fsmartstore.naver.com%2Fmain%2Fproducts%2F5965305143&tr=lim&externalServiceId=shoppinglive&returnParams=%7B%7D
DP_254,덴프스 덴마크 유산균이야기 베이직 6박스 총 6개월분,https://product.shoppinglive.naver.com/bridge/v4/product/shopping?broadcastId=1231325&channelProductNo=9898741225&hasHeader=true&isNewWindow=false&sourceUrl=https%3A%2F%2Fsmartstore.naver.com%2Fmain%2Fproducts%2F9898741225&tr=lim&externalServiceId=shoppinglive&returnParams=%7B%7D
DP_255,"덴마크 유산균이야기 덴티 사과 30캡슐, 4개",https://product.shoppinglive.naver.com/bridge/v4/product/shopping?broadcastId=1658855&channelProductNo=11901300247&hasHeader=true&isNewWindow=false&sourceUrl=https%3A%2F%2Fsmartstore.naver.com%2Fmain%2Fproducts%2F11901300247&tr=lim&externalServiceId=shoppinglive&returnParams=%7B%7D
DP_256,"마그네슘 솔루션 30포, 6개",https://product.shoppinglive.naver.com/bridge/v4/product/shopping?broadcastId=1330845&channelProductNo=10361299799&hasHeader=true&isNewWindow=false&sourceUrl=https%3A%2F%2Fsmartstore.naver.com%2Fmain%2Fproducts%2F10361299799&tr=lim&externalServiceId=shoppinglive&returnParams=%7B%7D
DP_257,덴프스 화이트필 정 4주분/1BOX,https://product.shoppinglive.naver.com/bridge/v4/product/shopping?broadcastId=1080752&channelProductNo=9046370069&hasHeader=true&isNewWindow=false&sourceUrl=https%3A%2F%2Fsmartstore.naver.com%2Fmain%2Fproducts%2F9046370069&tr=lim&externalServiceId=shoppinglive&returnParams=%7B%7D
DP_258,BG 덴프스 덴마크 유산균이야기 2박스/2개월,https://product.shoppinglive.naver.com/bridge/v4/product/shopping?broadcastId=1689197&channelProductNo=12115748955&hasHeader=true&isNewWindow=false&sourceUrl=https%3A%2F%2Fsmartstore.naver.com%2Fmain%2Fproducts%2F12115748955&tr=lim&externalServiceId=shoppinglive&returnParams=%7B%7D
DP_259,(다이어트 1달 패키지) 덴마크 유산균이야기 다이어트 1B + 슬림핏 다이어트 2B,https://product.shoppinglive.naver.com/bridge/v4/product/shopping?broadcastId=1443793&channelProductNo=10950060076&hasHeader=true&isNewWindow=false&sourceUrl=https%3A%2F%2Fsmartstore.naver.com%2Fmain%2Fproducts%2F10950060076&tr=lim&externalServiceId=shoppinglive&returnParams=%7B%7D
DP_260,"덴마크 유산균이야기 키즈 30포, 1개",https://product.shoppinglive.naver.com/bridge/v4/product/shopping?broadcastId=1330847&channelProductNo=2760733447&hasHeader=true&isNewWindow=false&sourceUrl=https%3A%2F%2Fsmartstore.naver.com%2Fmain%2Fproducts%2F2760733447&tr=lim&externalServiceId=shoppinglive&returnParams=%7B%7D
DP_261,[단독] 비오틴 밸런스 1BOX+비타민C 바이탈 1BOX+마그네슘 솔루션 1BOX + [추가구성] 콜라겐 스킨부스터 1BOX(2주분),https://product.shoppinglive.naver.com/bridge/v4/product/shopping?broadcastId=926581&channelProductNo=8285511339&hasHeader=true&isNewWindow=false&sourceUrl=https%3A%2F%2Fsmartstore.naver.com%2Fmain%2Fproducts%2F8285511339&tr=lim&externalServiceId=shoppinglive&returnParams=%7B%7D
DP_262,덴마크 유산균이야기 3박스/6개월 + 덴마크 유산균이야기 우먼 3박스/6개월,https://product.shoppinglive.naver.com/bridge/v4/product/shopping?broadcastId=1520365&channelProductNo=10973808904&hasHeader=true&isNewWindow=false&sourceUrl=https%3A%2F%2Fsmartstore.naver.com%2Fmain%2Fproducts%2F10973808904&tr=lim&externalServiceId=shoppinglive&returnParams=%7B%7D
DP_263,"마그네슘 솔루션 30포, 2개",https://product.shoppinglive.naver.com/bridge/v4/product/shopping?broadcastId=1642131&channelProductNo=7702433248&hasHeader=true&isNewWindow=false&sourceUrl=https%3A%2F%2Fsmartstore.naver.com%2Fmain%2Fproducts%2F7702433248&tr=lim&externalServiceId=shoppinglive&returnParams=%7B%7D
DP_264,"BG 덴프스 덴마크 유산균이야기 60캡슐, 1개",https://product.shoppinglive.naver.com/bridge/v4/product/shopping?broadcastId=1135252&channelProductNo=541055807&hasHeader=true&isNewWindow=false&sourceUrl=https%3A%2F%2Fsmartstore.naver.com%2Fmain%2Fproducts%2F541055807&tr=lim&externalServiceId=shoppinglive&returnParams=%7B%7D
DP_265,덴프스 이너씰 글루타치온C 12주분/6BOX,https://product.shoppinglive.naver.com/bridge/v4/product/shopping?broadcastId=1021480&channelProductNo=8893744656&hasHeader=true&isNewWindow=false&sourceUrl=https%3A%2F%2Fsmartstore.naver.com%2Fmain%2Fproducts%2F8893744656&tr=lim&externalServiceId=shoppinglive&returnParams=%7B%7D
DP_266,(사용안함)덴프스 트루바이타민 4BOX/4개월분(묶음),https://product.shoppinglive.naver.com/bridge/v4/product/shopping?broadcastId=1021480&channelProductNo=4736181446&hasHeader=true&isNewWindow=false&sourceUrl=https%3A%2F%2Fsmartstore.naver.com%2Fmain%2Fproducts%2F4736181446&tr=lim&externalServiceId=shoppinglive&returnParams=%7B%7D
DP_267,"덴마크 유산균이야기 덴티 사과 30캡슐, 2개",https://product.shoppinglive.naver.com/bridge/v4/product/shopping?broadcastId=1651071&channelProductNo=11901297779&hasHeader=true&isNewWindow=false&sourceUrl=https%3A%2F%2Fsmartstore.naver.com%2Fmain%2Fproducts%2F11901297779&tr=lim&externalServiceId=shoppinglive&returnParams=%7B%7D
DP_268,"덴마크 유산균이야기 덴티 자일리톨 30캡슐, 4개",https://product.shoppinglive.naver.com/bridge/v4/product/shopping?broadcastId=1651071&channelProductNo=11901428260&hasHeader=true&isNewWindow=false&sourceUrl=https%3A%2F%2Fsmartstore.naver.com%2Fmain%2Fproducts%2F11901428260&tr=lim&externalServiceId=shoppinglive&returnParams=%7B%7D
DP_269,"트루바이타민 I 30포, 2개",https://product.shoppinglive.naver.com/bridge/v4/product/shopping?broadcastId=1651071&channelProductNo=6639617693&hasHeader=true&isNewWindow=false&sourceUrl=https%3A%2F%2Fsmartstore.naver.com%2Fmain%2Fproducts%2F6639617693&tr=lim&externalServiceId=shoppinglive&returnParams=%7B%7D
DP_270,덴프스 프리바이오틱스 이뮨 장내유익균 4개월/4BOX,https://product.shoppinglive.naver.com/bridge/v4/product/shopping?broadcastId=1616157&channelProductNo=10385782264&hasHeader=true&isNewWindow=false&sourceUrl=https%3A%2F%2Fsmartstore.naver.com%2Fmain%2Fproducts%2F10385782264&tr=lim&externalServiceId=shoppinglive&returnParams=%7B%7D
DP_271,"덴프스 트루식물성오메가900 60캡슐, 6개",https://product.shoppinglive.naver.com/bridge/v4/product/shopping?broadcastId=1267453&channelProductNo=5316397281&hasHeader=true&isNewWindow=false&sourceUrl=https%3A%2F%2Fsmartstore.naver.com%2Fmain%2Fproducts%2F5316397281&tr=lim&externalServiceId=shoppinglive&returnParams=%7B%7D
DP_272,덴프스 휘게엔자임 액티브 Fine 4개월/4BOX,https://product.shoppinglive.naver.com/bridge/v4/product/shopping?broadcastId=1564898&channelProductNo=11471142939&hasHeader=true&isNewWindow=false&sourceUrl=https%3A%2F%2Fsmartstore.naver.com%2Fmain%2Fproducts%2F11471142939&tr=lim&externalServiceId=shoppinglive&returnParams=%7B%7D
DP_273,덴프스 비타민B 츄어블 3개월분/3BOX,https://product.shoppinglive.naver.com/bridge/v4/product/shopping?broadcastId=1007555&channelProductNo=7790488478&hasHeader=true&isNewWindow=false&sourceUrl=https%3A%2F%2Fsmartstore.naver.com%2Fmain%2Fproducts%2F7790488478&tr=lim&externalServiceId=shoppinglive&returnParams=%7B%7D
